subject_id,session_left,session_right,node,left_value,right_value,jaccard_min_over_max
sub-NORB00064,ses-1,ses-2,Fp1,0.27724513348760077,0.2992196198201206,0.9265606769177435
sub-NORB00064,ses-1,ses-2,Fp2,0.293029684888897,0.28907582404805465,0.9865069614283567
sub-NORB00064,ses-1,ses-2,F3,0.3259972705330694,0.28317759079571464,0.868650189410064
sub-NORB00064,ses-1,ses-2,F4,0.31385856005087764,0.26685040433889207,0.8502250322426593
sub-NORB00064,ses-1,ses-2,C3,0.2697861660465514,0.2659064875313492,0.9856194312256442
sub-NORB00064,ses-1,ses-2,C4,0.2617933188559293,0.27743757361560345,0.9436116220460116
sub-NORB00064,ses-1,ses-2,P3,0.29018652826649727,0.2818324365891095,0.9712113042349242
sub-NORB00064,ses-1,ses-2,P4,0.2686752944694625,0.27756867101401295,0.9679597250220595
sub-NORB00064,ses-1,ses-2,O1,0.33678590412913006,0.2983963980080474,0.8860121351564542
sub-NORB00064,ses-1,ses-2,O2,0.3088095299709233,0.2824251949533368,0.9145611373454997
sub-NORB00064,ses-1,ses-2,F7,0.29075348357320435,0.29509076479067003,0.9853018740842586
sub-NORB00064,ses-1,ses-2,F8,0.29148124792106844,0.30213041563383586,0.9647530762818876
sub-NORB00064,ses-1,ses-2,T3,0.32124135107373736,0.31352355426219136,0.9759750829532078
sub-NORB00064,ses-1,ses-2,T4,0.2957903066251639,0.30739118683940925,0.9622602055266276
sub-NORB00064,ses-1,ses-2,T5,0.3468194214926745,0.3047697223802411,0.878756215752117
sub-NORB00064,ses-1,ses-2,T6,0.26456275230858456,0.28949019860263514,0.9138919161533793
sub-NORB00064,ses-1,ses-2,FZ,0.3384869080677839,0.28812948972991415,0.8512278698596359
sub-NORB00064,ses-1,ses-2,CZ,0.2470951892831122,0.24854779044855402,0.9941556464339502
sub-NORB00064,ses-1,ses-2,PZ,0.2706948393300524,0.3027835300276619,0.8940210166164655
sub-NORB00064,ses-2,ses-3,Fp1,0.2992196198201206,0.30088461952312534,0.9944663183327761
sub-NORB00064,ses-2,ses-3,Fp2,0.28907582404805465,0.30696098483222084,0.9417347426288006
sub-NORB00064,ses-2,ses-3,F3,0.28317759079571464,0.3124480255747449,0.9063190278601134
sub-NORB00064,ses-2,ses-3,F4,0.26685040433889207,0.2806102563867694,0.9509645434024624
sub-NORB00064,ses-2,ses-3,C3,0.2659064875313492,0.3024117672138962,0.8792861798372854
sub-NORB00064,ses-2,ses-3,C4,0.27743757361560345,0.27218494645507824,0.9810673547491341
sub-NORB00064,ses-2,ses-3,P3,0.2818324365891095,0.3139196292075941,0.8977853258189681
sub-NORB00064,ses-2,ses-3,P4,0.27756867101401295,0.2654549541635999,0.9563577661478895
sub-NORB00064,ses-2,ses-3,O1,0.2983963980080474,0.28655284940029735,0.9603093445939296
sub-NORB00064,ses-2,ses-3,O2,0.2824251949533368,0.275907388644478,0.9769220082863511
sub-NORB00064,ses-2,ses-3,F7,0.29509076479067003,0.30938863835636504,0.9537866883488262
sub-NORB00064,ses-2,ses-3,F8,0.30213041563383586,0.2910948777643405,0.9634742571470535
sub-NORB00064,ses-2,ses-3,T3,0.31352355426219136,0.34191977202973156,0.9169506413771503
sub-NORB00064,ses-2,ses-3,T4,0.30739118683940925,0.2867252231315828,0.9327698236233981
sub-NORB00064,ses-2,ses-3,T5,0.3047697223802411,0.31173377964169346,0.9776602417952367
sub-NORB00064,ses-2,ses-3,T6,0.28949019860263514,0.2713830177693075,0.9374514891325139
sub-NORB00064,ses-2,ses-3,FZ,0.28812948972991415,0.29687983986356964,0.9705256169038736
sub-NORB00064,ses-2,ses-3,CZ,0.24854779044855402,0.2707948942993896,0.917845187190866
sub-NORB00064,ses-2,ses-3,PZ,0.3027835300276619,0.31439053509249704,0.9630809335229502
sub-NORB00065,ses-1,ses-2,Fp1,0.30064621639794276,0.277704264501652,0.9236912003378608
sub-NORB00065,ses-1,ses-2,Fp2,0.30284519927248643,0.28719452490059,0.9483212069747401
sub-NORB00065,ses-1,ses-2,F3,0.2971049185819817,0.27298628048355283,0.9188211416574927
sub-NORB00065,ses-1,ses-2,F4,0.3053170889720761,0.266576814571333,0.8731146214868888
sub-NORB00065,ses-1,ses-2,C3,0.2991707245622034,0.277247510665456,0.9267200561524558
sub-NORB00065,ses-1,ses-2,C4,0.3116286969751694,0.28588305271807457,0.9173835898073719
sub-NORB00065,ses-1,ses-2,P3,0.32787510212918036,0.2816510317406479,0.859019272618265
sub-NORB00065,ses-1,ses-2,P4,0.37044362469809905,0.2867663829916428,0.7741161242155246
sub-NORB00065,ses-1,ses-2,O1,0.29628535421680696,0.29872972891230204,0.991817437439537
sub-NORB00065,ses-1,ses-2,O2,0.29880323465561887,0.31289251017021824,0.9549708763979854
sub-NORB00065,ses-1,ses-2,F7,0.28256575346613616,0.2759176522325344,0.9764723744754917
sub-NORB00065,ses-1,ses-2,F8,0.2812751499134512,0.26142103200885247,0.9294138927284978
sub-NORB00065,ses-1,ses-2,T3,0.28473400053763964,0.2782469536335123,0.9772171679817712
sub-NORB00065,ses-1,ses-2,T4,0.30436702070401755,0.2654881170299029,0.8722630869001982
sub-NORB00065,ses-1,ses-2,T5,0.2399482249817663,0.2910322310246566,0.8244730287671732
sub-NORB00065,ses-1,ses-2,T6,0.2993897520467203,0.2614664951943061,0.8733314798079788
sub-NORB00065,ses-1,ses-2,FZ,0.30462387802813606,0.2744166583934146,0.9008376499233871
sub-NORB00065,ses-1,ses-2,CZ,0.31843735400789586,0.27146263377844415,0.8524836372422346
sub-NORB00065,ses-1,ses-2,PZ,0.3255586490762918,0.2915385624461825,0.8955024333506895
sub-NORB00069,ses-1,ses-2,Fp1,0.2813813036889098,0.28789523032754033,0.977373968192458
sub-NORB00069,ses-1,ses-2,Fp2,0.28736653365348847,0.29589707498744466,0.9711705790457098
sub-NORB00069,ses-1,ses-2,F3,0.294993869406094,0.3135163790341919,0.9409201213500944
sub-NORB00069,ses-1,ses-2,F4,0.2866146908571357,0.32403050480365125,0.884529964334105
sub-NORB00069,ses-1,ses-2,C3,0.3004537499622422,0.31508809434591434,0.9535547529523409
sub-NORB00069,ses-1,ses-2,C4,0.298682295684644,0.31840990788768203,0.938043346911187
sub-NORB00069,ses-1,ses-2,P3,0.2830106148457474,0.3467284440874751,0.8162313178273528
sub-NORB00069,ses-1,ses-2,P4,0.2992078477277081,0.3347766273852749,0.8937536950074092
sub-NORB00069,ses-1,ses-2,O1,0.277341800148083,0.3381399141800209,0.8201983513854866
sub-NORB00069,ses-1,ses-2,O2,0.2723782855832414,0.3311864062148907,0.8224319611913915
sub-NORB00069,ses-1,ses-2,F7,0.3182074952597595,0.2997137274823173,0.941881419976153
sub-NORB00069,ses-1,ses-2,F8,0.2764523128714966,0.3237904927387756,0.8537999696443527
sub-NORB00069,ses-1,ses-2,T3,0.3383811767145906,0.27344011771413,0.8080831220253263
sub-NORB00069,ses-1,ses-2,T4,0.2869432482387972,0.3077078789244672,0.9325183652812247
sub-NORB00069,ses-1,ses-2,T5,0.30435281286489757,0.3378556507106457,0.9008368284642324
sub-NORB00069,ses-1,ses-2,T6,0.3415346667168713,0.32824490904324566,0.961088115003439
sub-NORB00069,ses-1,ses-2,FZ,0.3091180243390961,0.33857259661906247,0.913003673143971
sub-NORB00069,ses-1,ses-2,CZ,0.31544743726361824,0.2890517767668749,0.916323110037871
sub-NORB00069,ses-1,ses-2,PZ,0.298816547251368,0.3490025644663958,0.8562015803758942
sub-NORB00069,ses-2,ses-3,Fp1,0.28789523032754033,0.2835940675470994,0.9850599720754406
sub-NORB00069,ses-2,ses-3,Fp2,0.29589707498744466,0.3034351857338955,0.9751574270194836
sub-NORB00069,ses-2,ses-3,F3,0.3135163790341919,0.324536140324952,0.9660445789497397
sub-NORB00069,ses-2,ses-3,F4,0.32403050480365125,0.3192760748646878,0.9853272149736505
sub-NORB00069,ses-2,ses-3,C3,0.31508809434591434,0.30937911581787475,0.9818813257927413
sub-NORB00069,ses-2,ses-3,C4,0.31840990788768203,0.3092073981337806,0.9710985445931929
sub-NORB00069,ses-2,ses-3,P3,0.3467284440874751,0.2926969188596723,0.8441676010458163
sub-NORB00069,ses-2,ses-3,P4,0.3347766273852749,0.3061088249103027,0.9143673717640387
sub-NORB00069,ses-2,ses-3,O1,0.3381399141800209,0.30392267194138545,0.8988074438901683
sub-NORB00069,ses-2,ses-3,O2,0.3311864062148907,0.3133528661575496,0.9461525602419508
sub-NORB00069,ses-2,ses-3,F7,0.2997137274823173,0.3192592402190043,0.938778552742031
sub-NORB00069,ses-2,ses-3,F8,0.3237904927387756,0.31639981129840855,0.9771744952180248
sub-NORB00069,ses-2,ses-3,T3,0.27344011771413,0.2995082516392755,0.9129635534831886
sub-NORB00069,ses-2,ses-3,T4,0.3077078789244672,0.26777029586234785,0.8702094232955185
sub-NORB00069,ses-2,ses-3,T5,0.3378556507106457,0.28585058543460773,0.8460731227473908
sub-NORB00069,ses-2,ses-3,T6,0.32824490904324566,0.287091613562984,0.8746262490400429
sub-NORB00069,ses-2,ses-3,FZ,0.33857259661906247,0.3118983641640738,0.9212156189799359
sub-NORB00069,ses-2,ses-3,CZ,0.2890517767668749,0.27339483374007517,0.9458334309447013
sub-NORB00069,ses-2,ses-3,PZ,0.3490025644663958,0.2956527313496558,0.8471362719116154
sub-NORB00069,ses-3,ses-4,Fp1,0.2835940675470994,0.3081025602796194,0.9204534596847321
sub-NORB00069,ses-3,ses-4,Fp2,0.3034351857338955,0.30945664536339196,0.9805418312396377
sub-NORB00069,ses-3,ses-4,F3,0.324536140324952,0.29426438648360337,0.9067230114617186
sub-NORB00069,ses-3,ses-4,F4,0.3192760748646878,0.2835674816637756,0.888157629048635
sub-NORB00069,ses-3,ses-4,C3,0.30937911581787475,0.3104069043281669,0.9966888993254944
sub-NORB00069,ses-3,ses-4,C4,0.3092073981337806,0.269476257165987,0.8715064994964846
sub-NORB00069,ses-3,ses-4,P3,0.2926969188596723,0.2744342472870233,0.9376055216303638
sub-NORB00069,ses-3,ses-4,P4,0.3061088249103027,0.31943561007362914,0.9582802144061063
sub-NORB00069,ses-3,ses-4,O1,0.30392267194138545,0.3139518440321087,0.9680550623244706
sub-NORB00069,ses-3,ses-4,O2,0.3133528661575496,0.3338104383107717,0.9387150016735653
sub-NORB00069,ses-3,ses-4,F7,0.3192592402190043,0.27099127234284154,0.8488126206055866
sub-NORB00069,ses-3,ses-4,F8,0.31639981129840855,0.2960743128968521,0.9357600805191798
sub-NORB00069,ses-3,ses-4,T3,0.2995082516392755,0.2787016558533594,0.9305308095118014
sub-NORB00069,ses-3,ses-4,T4,0.26777029586234785,0.288708592690264,0.9274760178323496
sub-NORB00069,ses-3,ses-4,T5,0.28585058543460773,0.30099148198072506,0.9496965945797532
sub-NORB00069,ses-3,ses-4,T6,0.287091613562984,0.3330829600806494,0.861922247518968
sub-NORB00069,ses-3,ses-4,FZ,0.3118983641640738,0.31003842837583545,0.9940367247733947
sub-NORB00069,ses-3,ses-4,CZ,0.27339483374007517,0.30461566423568764,0.8975074687181672
sub-NORB00069,ses-3,ses-4,PZ,0.2956527313496558,0.3052398645231322,0.9685914774321693
sub-NORB00070,ses-1,ses-2,Fp1,0.3390178288055493,0.30366507646546814,0.8957200791927716
sub-NORB00070,ses-1,ses-2,Fp2,0.36306113427584313,0.2986807204988511,0.8226733525046563
sub-NORB00070,ses-1,ses-2,F3,0.360305043282278,0.30684381454674664,0.8516223135582156
sub-NORB00070,ses-1,ses-2,F4,0.3762704405454447,0.28674478017198207,0.7620709714967632
sub-NORB00070,ses-1,ses-2,C3,0.3659915174091721,0.28651498701520584,0.7828459769871855
sub-NORB00070,ses-1,ses-2,C4,0.3648998099959171,0.28303389427105274,0.7756482369070558
sub-NORB00070,ses-1,ses-2,P3,0.34000724520374026,0.2796290248896877,0.8224207831869215
sub-NORB00070,ses-1,ses-2,P4,0.37121967374043396,0.32003108555517945,0.8621070169329257
sub-NORB00070,ses-1,ses-2,O1,0.417257063895271,0.33734821085827604,0.8084901132864905
sub-NORB00070,ses-1,ses-2,O2,0.3945365997851358,0.3146419124263312,0.7974973997284026
sub-NORB00070,ses-1,ses-2,F7,0.3661233517183931,0.32044591913332987,0.875240318950766
sub-NORB00070,ses-1,ses-2,F8,0.3318638573421673,0.3009860853904515,0.9069565086146777
sub-NORB00070,ses-1,ses-2,T3,0.3530697288571056,0.2903121336950377,0.8222515553366312
sub-NORB00070,ses-1,ses-2,T4,0.33796596823615993,0.2866777367514772,0.8482443905451328
sub-NORB00070,ses-1,ses-2,T5,0.3699197365185856,0.31519866919064704,0.852073133910255
sub-NORB00070,ses-1,ses-2,T6,0.3567676205890849,0.3122323780660515,0.8751701669296724
sub-NORB00070,ses-1,ses-2,FZ,0.36303471452017533,0.30963237173709623,0.8529001755282241
sub-NORB00070,ses-1,ses-2,CZ,0.34737628814004345,0.2669971118713706,0.768610642081971
sub-NORB00070,ses-1,ses-2,PZ,0.37070479746554097,0.30677590899621965,0.8275477174657718
sub-NORB00070,ses-2,ses-3,Fp1,0.30366507646546814,0.2906453498995319,0.9571247154349117
sub-NORB00070,ses-2,ses-3,Fp2,0.2986807204988511,0.2907945534007025,0.973596665077755
sub-NORB00070,ses-2,ses-3,F3,0.30684381454674664,0.2995714921599841,0.9762995959442596
sub-NORB00070,ses-2,ses-3,F4,0.28674478017198207,0.2812523769808116,0.9808456733270742
sub-NORB00070,ses-2,ses-3,C3,0.28651498701520584,0.3102143211506434,0.9236033525224359
sub-NORB00070,ses-2,ses-3,C4,0.28303389427105274,0.2665469218404856,0.9417491234644213
sub-NORB00070,ses-2,ses-3,P3,0.2796290248896877,0.3160806191792108,0.8846762753623441
sub-NORB00070,ses-2,ses-3,P4,0.32003108555517945,0.30024859753345895,0.9381857297162165
sub-NORB00070,ses-2,ses-3,O1,0.33734821085827604,0.283681517805849,0.8409160288240773
sub-NORB00070,ses-2,ses-3,O2,0.3146419124263312,0.29632286783372175,0.941778117062206
sub-NORB00070,ses-2,ses-3,F7,0.32044591913332987,0.2996772465215543,0.9351882131376614
sub-NORB00070,ses-2,ses-3,F8,0.3009860853904515,0.2880796853947624,0.9571196124267791
sub-NORB00070,ses-2,ses-3,T3,0.2903121336950377,0.2900410050371947,0.999066078794599
sub-NORB00070,ses-2,ses-3,T4,0.2866777367514772,0.28981453315668754,0.9891765386261204
sub-NORB00070,ses-2,ses-3,T5,0.31519866919064704,0.2780076930546042,0.8820078262654467
sub-NORB00070,ses-2,ses-3,T6,0.3122323780660515,0.286914191865769,0.918912361501066
sub-NORB00070,ses-2,ses-3,FZ,0.30963237173709623,0.28163192163336426,0.9095687251735206
sub-NORB00070,ses-2,ses-3,CZ,0.2669971118713706,0.2887977691713892,0.9245123763851484
sub-NORB00070,ses-2,ses-3,PZ,0.30677590899621965,0.32052455709470407,0.9571057886387714
sub-NORB00074,ses-1,ses-2,Fp1,0.42524463731617124,0.27343639477045456,0.6430096249918219
sub-NORB00074,ses-1,ses-2,Fp2,0.19366571582648306,0.2749000706630607,0.7044949656046291
sub-NORB00074,ses-1,ses-2,F3,0.2065765888791277,0.2911291281434951,0.7095703208966017
sub-NORB00074,ses-1,ses-2,F4,0.2810862840493187,0.2778479475013951,0.9884792082300415
sub-NORB00074,ses-1,ses-2,C3,0.23352721402812804,0.28566118640712634,0.8174971789667757
sub-NORB00074,ses-1,ses-2,C4,0.2864184954195481,0.27958423823014245,0.9761389110734808
sub-NORB00074,ses-1,ses-2,P3,0.26095244981233595,0.3066612694866627,0.8509468778015519
sub-NORB00074,ses-1,ses-2,P4,0.38391136979499757,0.2835510296204348,0.7385846107445228
sub-NORB00074,ses-1,ses-2,O1,0.3351228458845147,0.28938877288422976,0.8635304230615027
sub-NORB00074,ses-1,ses-2,O2,0.2863938574486127,0.2974383411839058,0.962867989071845
sub-NORB00074,ses-1,ses-2,F7,0.30817855206309286,0.3045244408488347,0.9881428762975365
sub-NORB00074,ses-1,ses-2,F8,0.21089417161636106,0.25178239905406474,0.8376049017273688
sub-NORB00074,ses-1,ses-2,T3,0.36347608069822573,0.3018197698277544,0.8303703760862845
sub-NORB00074,ses-1,ses-2,T4,0.2615646694115081,0.2814623235569846,0.9293061540385953
sub-NORB00074,ses-1,ses-2,T5,0.3751098448294075,0.29635248261134306,0.7900418682589316
sub-NORB00074,ses-1,ses-2,T6,0.18352603254374308,0.25659183140616054,0.7152450315272849
sub-NORB00074,ses-1,ses-2,FZ,0.185138774940198,0.3027181340284227,0.6115879893829388
sub-NORB00074,ses-1,ses-2,CZ,0.27641215430950417,0.28985548905344316,0.9536205617915335
sub-NORB00074,ses-1,ses-2,PZ,0.3217242793950961,0.2940823451973277,0.9140819143344089
sub-NORB00075,ses-1,ses-2,Fp1,0.33913212618559424,0.2981404214409843,0.8791276273183959
sub-NORB00075,ses-1,ses-2,Fp2,0.3414400616567598,0.2928806208955279,0.8577804826838178
sub-NORB00075,ses-1,ses-2,F3,0.34009176053026635,0.2807331904261932,0.8254630749903435
sub-NORB00075,ses-1,ses-2,F4,0.3331044549850997,0.2961152949914699,0.8889562735050048
sub-NORB00075,ses-1,ses-2,C3,0.29360553061928696,0.2813373167488947,0.9582153175230876
sub-NORB00075,ses-1,ses-2,C4,0.3345089708354939,0.28156901697813014,0.8417383135491491
sub-NORB00075,ses-1,ses-2,P3,0.31177442532403465,0.33066295644924215,0.942876785086427
sub-NORB00075,ses-1,ses-2,P4,0.3352120437560885,0.29373938935930416,0.8762793426749272
sub-NORB00075,ses-1,ses-2,O1,0.36265146287769284,0.30329705347393104,0.8363320833376052
sub-NORB00075,ses-1,ses-2,O2,0.3694961044175721,0.30463758132893626,0.8244676403534192
sub-NORB00075,ses-1,ses-2,F7,0.32324916783183416,0.2912990311363004,0.901159415475571
sub-NORB00075,ses-1,ses-2,F8,0.3615255968758746,0.27007975832158054,0.7470557013264794
sub-NORB00075,ses-1,ses-2,T3,0.3021954153093234,0.3007853458969572,0.9953339152716038
sub-NORB00075,ses-1,ses-2,T4,0.35020837306171215,0.32265208417818136,0.9213145915312683
sub-NORB00075,ses-1,ses-2,T5,0.34680110790722235,0.2851722211779032,0.82229328187208
sub-NORB00075,ses-1,ses-2,T6,0.3567035798291081,0.2963391223979944,0.8307713719609052
sub-NORB00075,ses-1,ses-2,FZ,0.3277940614187163,0.2667976917776581,0.8139186250749586
sub-NORB00075,ses-1,ses-2,CZ,0.33533805922644455,0.2962464902171144,0.8834263873909621
sub-NORB00075,ses-1,ses-2,PZ,0.3728080091501197,0.3335044047976659,0.8945741416820601
sub-NORB00075,ses-2,ses-3,Fp1,0.2981404214409843,0.3084940622089056,0.966438119768704
sub-NORB00075,ses-2,ses-3,Fp2,0.2928806208955279,0.3162340427716895,0.9261514615204728
sub-NORB00075,ses-2,ses-3,F3,0.2807331904261932,0.33799566652553403,0.8305822181450516
sub-NORB00075,ses-2,ses-3,F4,0.2961152949914699,0.27226160098516117,0.9194445730775377
sub-NORB00075,ses-2,ses-3,C3,0.2813373167488947,0.29120397161829714,0.9661177187434262
sub-NORB00075,ses-2,ses-3,C4,0.28156901697813014,0.2767613414981642,0.9829254101478809
sub-NORB00075,ses-2,ses-3,P3,0.33066295644924215,0.286972217836028,0.8678692675999199
sub-NORB00075,ses-2,ses-3,P4,0.29373938935930416,0.31110255838236356,0.944188279539254
sub-NORB00075,ses-2,ses-3,O1,0.30329705347393104,0.2815381643032048,0.928258817810782
sub-NORB00075,ses-2,ses-3,O2,0.30463758132893626,0.28640537837378977,0.9401511695450995
sub-NORB00075,ses-2,ses-3,F7,0.2912990311363004,0.2638483386396355,0.9057645595675856
sub-NORB00075,ses-2,ses-3,F8,0.27007975832158054,0.2604836047944453,0.9644691864848709
sub-NORB00075,ses-2,ses-3,T3,0.3007853458969572,0.27981454874108913,0.930279857573074
sub-NORB00075,ses-2,ses-3,T4,0.32265208417818136,0.25091398949033794,0.7776611458420744
sub-NORB00075,ses-2,ses-3,T5,0.2851722211779032,0.2739962326493235,0.9608096872745273
sub-NORB00075,ses-2,ses-3,T6,0.2963391223979944,0.2766698075821584,0.9336256561176577
sub-NORB00075,ses-2,ses-3,FZ,0.2667976917776581,0.33079697538758246,0.8065300218209711
sub-NORB00075,ses-2,ses-3,CZ,0.2962464902171144,0.3260934561337012,0.9084711288890468
sub-NORB00075,ses-2,ses-3,PZ,0.3335044047976659,0.31260915566927927,0.937346407340366
sub-NORB00077,ses-1,ses-2,Fp1,0.34396058509935845,0.2970576371139148,0.863638596928497
sub-NORB00077,ses-1,ses-2,Fp2,0.33602060103772935,0.30800179495011093,0.9166158086703964
sub-NORB00077,ses-1,ses-2,F3,0.3673684378735847,0.31272034488408557,0.8512444528282963
sub-NORB00077,ses-1,ses-2,F4,0.35833611479589733,0.32054682817571695,0.8945423442967657
sub-NORB00077,ses-1,ses-2,C3,0.3368643920658669,0.2965257891241676,0.880252695470966
sub-NORB00077,ses-1,ses-2,C4,0.3135636771328774,0.28829068862909457,0.9194007777467381
sub-NORB00077,ses-1,ses-2,P3,0.3260816852111791,0.3056829015143513,0.9374427187358989
sub-NORB00077,ses-1,ses-2,P4,0.3321761040429746,0.3116588532884276,0.9382338148204283
sub-NORB00077,ses-1,ses-2,O1,0.32178562643616077,0.327789263507703,0.9816844609024202
sub-NORB00077,ses-1,ses-2,O2,0.3580844048038101,0.3411768113385656,0.9527832174805044
sub-NORB00077,ses-1,ses-2,F7,0.32136212549519144,0.29534701162752347,0.9190473556036484
sub-NORB00077,ses-1,ses-2,F8,0.34742564744103577,0.3254083343385417,0.9366272661081224
sub-NORB00077,ses-1,ses-2,T3,0.33752870613978836,0.3006964571884235,0.8908766920224241
sub-NORB00077,ses-1,ses-2,T4,0.36932606995834677,0.29000170648539914,0.7852186186534463
sub-NORB00077,ses-1,ses-2,T5,0.3540388281890349,0.2911831417934933,0.822461037064611
sub-NORB00077,ses-1,ses-2,T6,0.39633741634699726,0.31309242285647343,0.7899643332749537
sub-NORB00077,ses-1,ses-2,FZ,0.3681553787839281,0.3133565414778845,0.8511529629499036
sub-NORB00077,ses-1,ses-2,CZ,0.3375498872526764,0.3221819757073471,0.9544721769264717
sub-NORB00077,ses-1,ses-2,PZ,0.3462201711513652,0.3067060022146477,0.8858698243799257
sub-NORB00078,ses-1,ses-2,Fp1,0.2977675265918255,0.3023501825882779,0.9848432173672844
sub-NORB00078,ses-1,ses-2,Fp2,0.2931656740439504,0.28831426968904483,0.9834516630545967
sub-NORB00078,ses-1,ses-2,F3,0.3238347694627001,0.29741786282239085,0.918424736528015
sub-NORB00078,ses-1,ses-2,F4,0.2922181323032729,0.3063606126104531,0.9538371457522747
sub-NORB00078,ses-1,ses-2,C3,0.2968577533901796,0.30628551252208636,0.9692190497216975
sub-NORB00078,ses-1,ses-2,C4,0.2865535993375912,0.35519281538569364,0.8067550550717951
sub-NORB00078,ses-1,ses-2,P3,0.3209049319428782,0.3138018942557105,0.9778656013662261
sub-NORB00078,ses-1,ses-2,P4,0.335750012022705,0.3109537225741566,0.926146571673476
sub-NORB00078,ses-1,ses-2,O1,0.30771078219139086,0.36795101408139064,0.8362819245371759
sub-NORB00078,ses-1,ses-2,O2,0.2715430418193866,0.32812416042626597,0.8275618639804675
sub-NORB00078,ses-1,ses-2,F7,0.31803332752882046,0.30418935285030013,0.9564700505255513
sub-NORB00078,ses-1,ses-2,F8,0.32131800227344354,0.27187908087843804,0.846137094575446
sub-NORB00078,ses-1,ses-2,T3,0.32362948303535904,0.3223057205941499,0.9959096358317129
sub-NORB00078,ses-1,ses-2,T4,0.29869288636709374,0.2911227705265859,0.9746558549398993
sub-NORB00078,ses-1,ses-2,T5,0.2974289461334547,0.33843988829133564,0.8788235560384717
sub-NORB00078,ses-1,ses-2,T6,0.2751355485883851,0.286026485012089,0.9619233288020739
sub-NORB00078,ses-1,ses-2,FZ,0.3268038034283063,0.31305860384550277,0.9579405152614177
sub-NORB00078,ses-1,ses-2,CZ,0.31369751719609856,0.33370283895938374,0.940050489754089
sub-NORB00078,ses-1,ses-2,PZ,0.34626353277862537,0.31292081798330657,0.9037071142671105
sub-NORB00079,ses-1,ses-2,Fp1,0.32583658858589937,0.3854812296851479,0.8452722558035708
sub-NORB00079,ses-1,ses-2,Fp2,0.3592343970695563,0.39775657822287325,0.9031513662817866
sub-NORB00079,ses-1,ses-2,F3,0.34381453334396095,0.4339981604443552,0.7922027434216347
sub-NORB00079,ses-1,ses-2,F4,0.3302955376392064,0.4078413475858384,0.8098628047262645
sub-NORB00079,ses-1,ses-2,C3,0.2750724916168075,0.3026049509316799,0.9090151723225162
sub-NORB00079,ses-1,ses-2,C4,0.2862721399650122,0.34605071166699686,0.8272548800318339
sub-NORB00079,ses-1,ses-2,P3,0.2949902154186216,0.3693545208122961,0.798664152722078
sub-NORB00079,ses-1,ses-2,P4,0.31753846517607254,0.34130900524674124,0.9303547820149535
sub-NORB00079,ses-1,ses-2,O1,0.32065542079011855,0.3522499792506984,0.9103064291791092
sub-NORB00079,ses-1,ses-2,O2,0.3149068113163124,0.35416480904256725,0.889153307375786
sub-NORB00079,ses-1,ses-2,F7,0.3173063721702166,0.36573240313876554,0.8675916310588012
sub-NORB00079,ses-1,ses-2,F8,0.3453490264368818,0.40552582518208863,0.8516079741205476
sub-NORB00079,ses-1,ses-2,T3,0.3141444952906614,0.37027167544184697,0.8484162201059298
sub-NORB00079,ses-1,ses-2,T4,0.32731403573634477,0.36421815970392996,0.8986757716924816
sub-NORB00079,ses-1,ses-2,T5,0.3063460850670617,0.3369211665996507,0.9092515265776694
sub-NORB00079,ses-1,ses-2,T6,0.30747311011673506,0.3677862094418606,0.8360104381927355
sub-NORB00079,ses-1,ses-2,FZ,0.3405598657597814,0.42200367312461495,0.8070068756468295
sub-NORB00079,ses-1,ses-2,CZ,0.32249923470480685,0.3153801143556811,0.9779251558359755
sub-NORB00079,ses-1,ses-2,PZ,0.3058254235936297,0.3684620898847478,0.8300051266855963
sub-NORB00080,ses-1,ses-2,Fp1,0.33001104684094484,0.30804216449190863,0.9334298576992044
sub-NORB00080,ses-1,ses-2,Fp2,0.3104762951139085,0.2988990525348738,0.9627113478187209
sub-NORB00080,ses-1,ses-2,F3,0.3612709235728472,0.3043579271628479,0.8424644977039696
sub-NORB00080,ses-1,ses-2,F4,0.3147251714342375,0.2865362792848071,0.910433309096408
sub-NORB00080,ses-1,ses-2,C3,0.30375618460437565,0.283357109183707,0.9328439174094932
sub-NORB00080,ses-1,ses-2,C4,0.27957490633294535,0.27284205950213924,0.9759175566966373
sub-NORB00080,ses-1,ses-2,P3,0.3125368124718223,0.29952082839891603,0.958353756890383
sub-NORB00080,ses-1,ses-2,P4,0.3126497571451341,0.2905123780556578,0.929194318615127
sub-NORB00080,ses-1,ses-2,O1,0.39723851083851125,0.29816391615530957,0.7505916672729691
sub-NORB00080,ses-1,ses-2,O2,0.39759787981864114,0.30929642213203995,0.7779126545471553
sub-NORB00080,ses-1,ses-2,F7,0.3039653500545712,0.2993134005832242,0.9846957902586205
sub-NORB00080,ses-1,ses-2,F8,0.3066754511452992,0.27641287924596203,0.9013205270056026
sub-NORB00080,ses-1,ses-2,T3,0.30267822000568406,0.2999728086607895,0.9910617574503916
sub-NORB00080,ses-1,ses-2,T4,0.3282999974065973,0.26596899207020486,0.810140097993373
sub-NORB00080,ses-1,ses-2,T5,0.32120289114925893,0.3052172359926334,0.9502319076287604
sub-NORB00080,ses-1,ses-2,T6,0.33251875073120807,0.29267654951338706,0.880180587921108
sub-NORB00080,ses-1,ses-2,FZ,0.34070827676189863,0.30385484120542705,0.8918328726653555
sub-NORB00080,ses-1,ses-2,CZ,0.2869089657087166,0.28032066503894126,0.9770369648313323
sub-NORB00080,ses-1,ses-2,PZ,0.335692869860418,0.3096032464503039,0.9222812703142541
sub-NORB00081,ses-1,ses-2,Fp1,0.3079551929366922,0.31076713637623565,0.9909516061693888
sub-NORB00081,ses-1,ses-2,Fp2,0.31636345511517266,0.32018958963046384,0.9880504093849304
sub-NORB00081,ses-1,ses-2,F3,0.34772254492501464,0.3267278664282041,0.9396223258939452
sub-NORB00081,ses-1,ses-2,F4,0.284934548181264,0.31504496421460043,0.9044250203827223
sub-NORB00081,ses-1,ses-2,C3,0.31485820515595325,0.32173913085599315,0.9786133390684153
sub-NORB00081,ses-1,ses-2,C4,0.3071152482440905,0.3282013203645525,0.9357526286090485
sub-NORB00081,ses-1,ses-2,P3,0.2694207277248065,0.29110681811998407,0.9255046977764729
sub-NORB00081,ses-1,ses-2,P4,0.29921447990122557,0.3495508569968618,0.8559969855943219
sub-NORB00081,ses-1,ses-2,O1,0.2916922262385878,0.3217320759954172,0.9066308521962315
sub-NORB00081,ses-1,ses-2,O2,0.2896954542292431,0.3813066743169218,0.7597439901837744
sub-NORB00081,ses-1,ses-2,F7,0.2856656099630126,0.312746588959777,0.9134091946875003
sub-NORB00081,ses-1,ses-2,F8,0.2872623338282453,0.3237952097026596,0.8871728957696366
sub-NORB00081,ses-1,ses-2,T3,0.2758131580628831,0.3287595486682654,0.8389510180925336
sub-NORB00081,ses-1,ses-2,T4,0.30088709375269684,0.3216751214703805,0.9353757057037505
sub-NORB00081,ses-1,ses-2,T5,0.27108846656249636,0.343896682616092,0.7882846222890877
sub-NORB00081,ses-1,ses-2,T6,0.3194280985020085,0.3288312182571503,0.9714044189448325
sub-NORB00081,ses-1,ses-2,FZ,0.34514939335190614,0.32710875059435396,0.9477309156410472
sub-NORB00081,ses-1,ses-2,CZ,0.30474510882294875,0.33646247990176403,0.9057328142856353
sub-NORB00081,ses-1,ses-2,PZ,0.3023844333932864,0.3038491380672658,0.9951795003161893
sub-NORB00083,ses-1,ses-2,Fp1,0.3167212773425888,0.3515818187522521,0.9008465752484536
sub-NORB00083,ses-1,ses-2,Fp2,0.3047038132499888,0.3474054736395657,0.8770840886811127
sub-NORB00083,ses-1,ses-2,F3,0.3502651748076485,0.3181361336357186,0.9082722363432965
sub-NORB00083,ses-1,ses-2,F4,0.30462817350972676,0.332413662618296,0.9164129148913028
sub-NORB00083,ses-1,ses-2,C3,0.2624466755238208,0.3105908650741679,0.8449916112669622
sub-NORB00083,ses-1,ses-2,C4,0.2796123980729051,0.2761894870464173,0.9877583717672086
sub-NORB00083,ses-1,ses-2,P3,0.31250820377396443,0.3275236537743682,0.954154608904223
sub-NORB00083,ses-1,ses-2,P4,0.3069191991399832,0.33038710387014253,0.928968460163072
sub-NORB00083,ses-1,ses-2,O1,0.29621282150637357,0.3463054585926503,0.855351292209346
sub-NORB00083,ses-1,ses-2,O2,0.2982678405824387,0.33328438728941623,0.8949349323208171
sub-NORB00083,ses-1,ses-2,F7,0.3006959135452659,0.32755116694260134,0.9180120356523065
sub-NORB00083,ses-1,ses-2,F8,0.2806991844695824,0.3222512730138538,0.8710568676559268
sub-NORB00083,ses-1,ses-2,T3,0.2817494361716868,0.3266589955870233,0.8625185284286089
sub-NORB00083,ses-1,ses-2,T4,0.2991088462363967,0.2846141258973697,0.9515403154356347
sub-NORB00083,ses-1,ses-2,T5,0.3287303014427737,0.3581882182886602,0.9177585544643831
sub-NORB00083,ses-1,ses-2,T6,0.29780918844503657,0.3531137496637713,0.8433803235603407
sub-NORB00083,ses-1,ses-2,FZ,0.35774321149123334,0.30411998939842266,0.8501069471890601
sub-NORB00083,ses-1,ses-2,CZ,0.26189222148283886,0.2935727822732458,0.8920861786127028
sub-NORB00083,ses-1,ses-2,PZ,0.3068576541783302,0.32967539693557035,0.9307872441518604
sub-NORB00084,ses-1,ses-2,Fp1,0.34134018086431034,0.2857745510487493,0.8372133345835149
sub-NORB00084,ses-1,ses-2,Fp2,0.34353464820516927,0.27963132208836183,0.813982879308749
sub-NORB00084,ses-1,ses-2,F3,0.3662713880278981,0.2948677153502157,0.8050525511639371
sub-NORB00084,ses-1,ses-2,F4,0.3640372837505639,0.28744082062325693,0.7895917079202515
sub-NORB00084,ses-1,ses-2,C3,0.2572421658243291,0.271783424392738,0.9464968895697032
sub-NORB00084,ses-1,ses-2,C4,0.28661331650437755,0.2668856967084311,0.9311699120035648
sub-NORB00084,ses-1,ses-2,P3,0.36102332145961497,0.2768788510999537,0.7669278815023204
sub-NORB00084,ses-1,ses-2,P4,0.3539642145802635,0.2622809707135191,0.7409816018394292
sub-NORB00084,ses-1,ses-2,O1,0.3961471650102498,0.3142918807633417,0.7933715258449717
sub-NORB00084,ses-1,ses-2,O2,0.4004479932485413,0.2865927132480961,0.7156802333386149
sub-NORB00084,ses-1,ses-2,F7,0.3547679340736337,0.2871854091152015,0.809502160518247
sub-NORB00084,ses-1,ses-2,F8,0.3188017975371587,0.29942414407433804,0.939217239010197
sub-NORB00084,ses-1,ses-2,T3,0.2717124094139878,0.3193658987118215,0.8507871707967366
sub-NORB00084,ses-1,ses-2,T4,0.29759396851548126,0.2798914916527504,0.9405146651626108
sub-NORB00084,ses-1,ses-2,T5,0.2951051283541951,0.2836513517068214,0.9611874700000925
sub-NORB00084,ses-1,ses-2,T6,0.3127267751937118,0.27565398729583557,0.8814531059103836
sub-NORB00084,ses-1,ses-2,FZ,0.3652657272451083,0.29480646637938934,0.8071013631715906
sub-NORB00084,ses-1,ses-2,CZ,0.31133349942419203,0.2798235754323173,0.8987904480238972
sub-NORB00084,ses-1,ses-2,PZ,0.39216865940499,0.2794066917891687,0.7124656320397782
sub-NORB00085,ses-1,ses-2,Fp1,0.2905564574836389,0.33472347562206645,0.8680492365934436
sub-NORB00085,ses-1,ses-2,Fp2,0.28419018520142164,0.34304785995154086,0.828427220742804
sub-NORB00085,ses-1,ses-2,F3,0.312481180898679,0.36788676414275945,0.8493950078003345
sub-NORB00085,ses-1,ses-2,F4,0.2842981961747262,0.3201670920792167,0.887968199131422
sub-NORB00085,ses-1,ses-2,C3,0.30959691513194365,0.3263918744744363,0.9485435739797865
sub-NORB00085,ses-1,ses-2,C4,0.2917921088705178,0.30015466469572166,0.972139177534751
sub-NORB00085,ses-1,ses-2,P3,0.308325592110698,0.3748678093736712,0.822491514077584
sub-NORB00085,ses-1,ses-2,P4,0.280344841933509,0.31960709087156175,0.8771546374925994
sub-NORB00085,ses-1,ses-2,O1,0.3380999778232463,0.36134709993365915,0.9356653973017056
sub-NORB00085,ses-1,ses-2,O2,0.28825243078800206,0.3591073740391779,0.8026914834574082
sub-NORB00085,ses-1,ses-2,F7,0.26893125943302426,0.3040130682519372,0.8846042736891808
sub-NORB00085,ses-1,ses-2,F8,0.28783129571211774,0.32185206202490096,0.8942968825529813
sub-NORB00085,ses-1,ses-2,T3,0.29072915994737947,0.3933023585827778,0.7392001436121317
sub-NORB00085,ses-1,ses-2,T4,0.25714338806813336,0.31389818506903205,0.8191936121312162
sub-NORB00085,ses-1,ses-2,T5,0.35899972201004027,0.34956269569073944,0.9737129982539738
sub-NORB00085,ses-1,ses-2,T6,0.3226314008708226,0.3280754899770482,0.9834059865105849
sub-NORB00085,ses-1,ses-2,FZ,0.3117544744616359,0.36059271168167895,0.8645612192429556
sub-NORB00085,ses-1,ses-2,CZ,0.2688513969299504,0.35569966026697786,0.7558382167926682
sub-NORB00085,ses-1,ses-2,PZ,0.3059528503187485,0.38229962554042646,0.8002959717427068
sub-NORB00086,ses-1,ses-2,Fp1,0.38770303904846026,0.31468294337445435,0.811659728401358
sub-NORB00086,ses-1,ses-2,Fp2,0.3322799964060904,0.2826801046381429,0.8507286255434714
sub-NORB00086,ses-1,ses-2,F3,0.39395615699996084,0.3508670086313713,0.890624508329251
sub-NORB00086,ses-1,ses-2,F4,0.3492351477347884,0.30241114588252466,0.8659241426415012
sub-NORB00086,ses-1,ses-2,C3,0.32849179002300866,0.29885538034093645,0.9097803641302683
sub-NORB00086,ses-1,ses-2,C4,0.3098015482309874,0.2863040831515182,0.924153170913305
sub-NORB00086,ses-1,ses-2,P3,0.31007979165362387,0.3008256337348018,0.9701555594143347
sub-NORB00086,ses-1,ses-2,P4,0.3188874476162868,0.29543880128971667,0.926467327259662
sub-NORB00086,ses-1,ses-2,O1,0.3262049690395691,0.3302988233589037,0.987605604289767
sub-NORB00086,ses-1,ses-2,O2,0.32871277452063585,0.29770196903929536,0.9056598712156417
sub-NORB00086,ses-1,ses-2,F7,0.34375723543715164,0.2940726541877229,0.8554660785939662
sub-NORB00086,ses-1,ses-2,F8,0.34253816345763627,0.30978321191292685,0.9043757600202104
sub-NORB00086,ses-1,ses-2,T3,0.31656022995950267,0.3069913907877933,0.9697724531823423
sub-NORB00086,ses-1,ses-2,T4,0.3527766946406807,0.3382656344335902,0.9588661597335089
sub-NORB00086,ses-1,ses-2,T5,0.32732138003595923,0.3113471605201049,0.9511971399054366
sub-NORB00086,ses-1,ses-2,T6,0.31124258652709624,0.3031852962236451,0.9741125069247242
sub-NORB00086,ses-1,ses-2,FZ,0.39689262051558016,0.34622987753093387,0.8723515118047969
sub-NORB00086,ses-1,ses-2,CZ,0.340184958883658,0.3334800965638014,0.9802905385885986
sub-NORB00086,ses-1,ses-2,PZ,0.31406414811933614,0.3042689616353604,0.9688115101878683
sub-NORB00087,ses-1,ses-2,Fp1,0.2975533994823357,0.31136121158611973,0.9556533967945301
sub-NORB00087,ses-1,ses-2,Fp2,0.29567925360444747,0.3113679398658924,0.9496136748433313
sub-NORB00087,ses-1,ses-2,F3,0.3068929974603092,0.3305636419635714,0.9283930792792064
sub-NORB00087,ses-1,ses-2,F4,0.3104732820842845,0.29129902238755306,0.9382418365663872
sub-NORB00087,ses-1,ses-2,C3,0.25600497175279924,0.30023595175573925,0.8526792686076293
sub-NORB00087,ses-1,ses-2,C4,0.2728997864725469,0.29826241537913395,0.9149653875284705
sub-NORB00087,ses-1,ses-2,P3,0.27123017059299764,0.3060318354571442,0.886280900115635
sub-NORB00087,ses-1,ses-2,P4,0.314759747119756,0.2910593025595885,0.9247030639176672
sub-NORB00087,ses-1,ses-2,O1,0.32083966380336615,0.2908160204054644,0.9064216592113673
sub-NORB00087,ses-1,ses-2,O2,0.31388610248152776,0.2898837193727177,0.9235315519895545
sub-NORB00087,ses-1,ses-2,F7,0.3243254688922975,0.31941856293692555,0.9848704266978137
sub-NORB00087,ses-1,ses-2,F8,0.3295186934418622,0.3141463610301841,0.9533491340017399
sub-NORB00087,ses-1,ses-2,T3,0.2863436599248997,0.2918811195077798,0.9810283734959688
sub-NORB00087,ses-1,ses-2,T4,0.33005576300830863,0.3396140809091289,0.9718553545387953
sub-NORB00087,ses-1,ses-2,T5,0.2990573766143939,0.30394906933276983,0.9839062092569845
sub-NORB00087,ses-1,ses-2,T6,0.33376514085925746,0.32289187663899344,0.9674224090860073
sub-NORB00087,ses-1,ses-2,FZ,0.33486299955480947,0.317678805437601,0.9486829116980546
sub-NORB00087,ses-1,ses-2,CZ,0.30984162026746337,0.30119090157980183,0.9720801915501409
sub-NORB00087,ses-1,ses-2,PZ,0.29288133627493734,0.2948755538520565,0.9932370874727727
sub-NORB00089,ses-1,ses-2,Fp1,0.2634772293357955,0.328327493462439,0.8024829920797892
sub-NORB00089,ses-1,ses-2,Fp2,0.26755572772338515,0.3272300205934106,0.8176380860111491
sub-NORB00089,ses-1,ses-2,F3,0.3011336818511317,0.3255230809386228,0.9250762833247769
sub-NORB00089,ses-1,ses-2,F4,0.25222970625666546,0.31711441273166463,0.7953902318217771
sub-NORB00089,ses-1,ses-2,C3,0.2618283798819272,0.3203616181485813,0.8172901029626252
sub-NORB00089,ses-1,ses-2,C4,0.2835782327339199,0.29369523897253397,0.9655527060159114
sub-NORB00089,ses-1,ses-2,P3,0.2559897724159284,0.32125385381145355,0.7968457634944696
sub-NORB00089,ses-1,ses-2,P4,0.2689110594794102,0.30518786233196965,0.8811328780398902
sub-NORB00089,ses-1,ses-2,O1,0.24106842818302018,0.29724140036427127,0.8110190164882458
sub-NORB00089,ses-1,ses-2,O2,0.2463870863883982,0.3156807210168653,0.7804945629709042
sub-NORB00089,ses-1,ses-2,F7,0.2540938827926557,0.31806891345351673,0.798864246221879
sub-NORB00089,ses-1,ses-2,F8,0.24929972182253143,0.30172029603797873,0.8262610275019453
sub-NORB00089,ses-1,ses-2,T3,0.23052805926186803,0.32330511213853397,0.7130356143675464
sub-NORB00089,ses-1,ses-2,T4,0.27143152628469286,0.30012492708476646,0.9043951427867586
sub-NORB00089,ses-1,ses-2,T5,0.25332726277763407,0.3116506339979104,0.8128565616180734
sub-NORB00089,ses-1,ses-2,T6,0.2670106769160772,0.29024834278363876,0.9199386785650532
sub-NORB00089,ses-1,ses-2,FZ,0.3071080328334789,0.31580596362918534,0.9724579906732874
sub-NORB00089,ses-1,ses-2,CZ,0.25766011927619686,0.2945987470366613,0.8746137648851996
sub-NORB00089,ses-1,ses-2,PZ,0.2579671194601863,0.3135784345141249,0.8226558049500255
sub-NORB00090,ses-1,ses-2,Fp1,0.35372964797081424,0.2890273716517053,0.8170855151942269
sub-NORB00090,ses-1,ses-2,Fp2,0.34352517443245123,0.2782922998331489,0.8101074405767332
sub-NORB00090,ses-1,ses-2,F3,0.3912523567732824,0.3286600624459021,0.8400206586777178
sub-NORB00090,ses-1,ses-2,F4,0.33006597791969156,0.2753204837087058,0.834137724354293
sub-NORB00090,ses-1,ses-2,C3,0.335745456217138,0.2738175149437955,0.8155509177366451
sub-NORB00090,ses-1,ses-2,C4,0.33561819645787355,0.2894868611031889,0.8625481697906835
sub-NORB00090,ses-1,ses-2,P3,0.3521853281608481,0.2810888491107164,0.7981276522182069
sub-NORB00090,ses-1,ses-2,P4,0.35840225113941365,0.28731095661448075,0.8016438392925179
sub-NORB00090,ses-1,ses-2,O1,0.32952087694144894,0.30097092340769893,0.9133591965439479
sub-NORB00090,ses-1,ses-2,O2,0.36471052594644804,0.3014555918137881,0.8265612598690176
sub-NORB00090,ses-1,ses-2,F7,0.32244393533187315,0.27835943607102115,0.8632801103376984
sub-NORB00090,ses-1,ses-2,F8,0.31789611306620547,0.3104928715713836,0.9767117583684326
sub-NORB00090,ses-1,ses-2,T3,0.3144877577755571,0.27281481924778866,0.8674894729685806
sub-NORB00090,ses-1,ses-2,T4,0.3316764614269724,0.2660027938212549,0.801994789370432
sub-NORB00090,ses-1,ses-2,T5,0.3903749823535649,0.2913090684990055,0.7462288355229824
sub-NORB00090,ses-1,ses-2,T6,0.3326834597129641,0.2576755960206189,0.7745368412452449
sub-NORB00090,ses-1,ses-2,FZ,0.40333374841115455,0.3256564889123207,0.8074119515046124
sub-NORB00090,ses-1,ses-2,CZ,0.39541896890786365,0.32057198718315294,0.8107147415526472
sub-NORB00090,ses-1,ses-2,PZ,0.32837818244692907,0.29341809905796523,0.8935371310954439
sub-NORB00094,ses-1,ses-2,Fp1,0.3728485332953891,0.32735829171398767,0.877992703419429
sub-NORB00094,ses-1,ses-2,Fp2,0.34970037121069136,0.3522766257692509,0.9926868421856435
sub-NORB00094,ses-1,ses-2,F3,0.408345288965434,0.3371989990956282,0.8257692893921736
sub-NORB00094,ses-1,ses-2,F4,0.35709464235185245,0.30472062324616783,0.8533329462443195
sub-NORB00094,ses-1,ses-2,C3,0.35201509883031057,0.30114687073785784,0.855494186864485
sub-NORB00094,ses-1,ses-2,C4,0.3304331663906049,0.2989657695422629,0.9047692542729068
sub-NORB00094,ses-1,ses-2,P3,0.3763238080285858,0.31703854687195726,0.8424621034018523
sub-NORB00094,ses-1,ses-2,P4,0.37262255628576396,0.29633373584877154,0.7952651573285687
sub-NORB00094,ses-1,ses-2,O1,0.35402911047418234,0.3562497244498143,0.9937666927909589
sub-NORB00094,ses-1,ses-2,O2,0.3522940325142589,0.34854430273624254,0.9893562495190305
sub-NORB00094,ses-1,ses-2,F7,0.3256724643345787,0.33337685541743994,0.9768898441578551
sub-NORB00094,ses-1,ses-2,F8,0.3348467521200004,0.290718558929205,0.8682137637250219
sub-NORB00094,ses-1,ses-2,T3,0.3356761988353943,0.3208211351397145,0.9557458534527666
sub-NORB00094,ses-1,ses-2,T4,0.3671405005274216,0.31859858315234774,0.867783812177245
sub-NORB00094,ses-1,ses-2,T5,0.35616791740985354,0.2934300326101097,0.8238530711693793
sub-NORB00094,ses-1,ses-2,T6,0.3397470578065695,0.30058924352170413,0.8847442137169018
sub-NORB00094,ses-1,ses-2,FZ,0.38790102839346624,0.3010045447626569,0.7759828480200209
sub-NORB00094,ses-1,ses-2,CZ,0.3252689517100149,0.27510557910737743,0.8457787860202552
sub-NORB00094,ses-1,ses-2,PZ,0.3735159560042671,0.3063702881693717,0.820233468596109
sub-NORB00096,ses-1,ses-2,Fp1,0.31221870828237586,0.30700843290975843,0.9833120974675702
sub-NORB00096,ses-1,ses-2,Fp2,0.31046572249776144,0.30558197208282617,0.9842695986673038
sub-NORB00096,ses-1,ses-2,F3,0.29941895324798284,0.3067552928125755,0.9760840652582476
sub-NORB00096,ses-1,ses-2,F4,0.28799821137863846,0.33197389954918133,0.8675326938947261
sub-NORB00096,ses-1,ses-2,C3,0.30069633291048886,0.3099450725357703,0.9701600688482825
sub-NORB00096,ses-1,ses-2,C4,0.31474838803763305,0.3015142580726314,0.9579533034386205
sub-NORB00096,ses-1,ses-2,P3,0.31393059683667796,0.3252320556301048,0.9652510919579209
sub-NORB00096,ses-1,ses-2,P4,0.3165409423998618,0.288580260592471,0.9116680401738672
sub-NORB00096,ses-1,ses-2,O1,0.30755073505454267,0.30998386605108375,0.9921507818212058
sub-NORB00096,ses-1,ses-2,O2,0.3409865273269664,0.31139690176627777,0.9132234760339502
sub-NORB00096,ses-1,ses-2,F7,0.29402449963296323,0.3204006235060702,0.9176776762027518
sub-NORB00096,ses-1,ses-2,F8,0.29944347849337244,0.31352011329237806,0.95510133416583
sub-NORB00096,ses-1,ses-2,T3,0.32227800820158753,0.31024822213638625,0.9626726436211666
sub-NORB00096,ses-1,ses-2,T4,0.32781161139019566,0.2981176697577609,0.9094176636803449
sub-NORB00096,ses-1,ses-2,T5,0.33761093681084475,0.26563544843853204,0.7868093698260763
sub-NORB00096,ses-1,ses-2,T6,0.28277198839273715,0.30373633107249687,0.9309784818769149
sub-NORB00096,ses-1,ses-2,FZ,0.2951048264928678,0.32502832906408385,0.907935709304538
sub-NORB00096,ses-1,ses-2,CZ,0.2799127417303961,0.3243116320742094,0.863098063859597
sub-NORB00096,ses-1,ses-2,PZ,0.319594296713332,0.3291863646360411,0.9708612842050296
sub-NORB00103,ses-1,ses-2,Fp1,0.34514783330440457,0.34159013927151205,0.9896922602734267
sub-NORB00103,ses-1,ses-2,Fp2,0.33457750014551546,0.3475808555045995,0.9625889770591466
sub-NORB00103,ses-1,ses-2,F3,0.37847148453444657,0.3424340921135972,0.9047817500301811
sub-NORB00103,ses-1,ses-2,F4,0.3300432460119042,0.3431045238751856,0.9619320733059387
sub-NORB00103,ses-1,ses-2,C3,0.3239588254916631,0.32463644407130887,0.9979126848139794
sub-NORB00103,ses-1,ses-2,C4,0.3154424210278854,0.2975382252751181,0.9432410019729573
sub-NORB00103,ses-1,ses-2,P3,0.32039404082268386,0.3238740102530627,0.9892551754070672
sub-NORB00103,ses-1,ses-2,P4,0.33891567741843726,0.33631642355419983,0.992330676810125
sub-NORB00103,ses-1,ses-2,O1,0.3143949065678985,0.32724693194014837,0.9607268269986395
sub-NORB00103,ses-1,ses-2,O2,0.34397604909335056,0.31632482033806786,0.9196129241318819
sub-NORB00103,ses-1,ses-2,F7,0.35540164886292164,0.33718634247512963,0.9487472653937583
sub-NORB00103,ses-1,ses-2,F8,0.32392044173055085,0.28813923725958046,0.8895370595328635
sub-NORB00103,ses-1,ses-2,T3,0.316637324303586,0.31111256999467624,0.9825517906928347
sub-NORB00103,ses-1,ses-2,T4,0.349260816716287,0.33568515653661674,0.9611303085547724
sub-NORB00103,ses-1,ses-2,T5,0.31953850154825475,0.340705420405072,0.9378732547558197
sub-NORB00103,ses-1,ses-2,T6,0.33391917862698917,0.36824151903295327,0.9067939419321898
sub-NORB00103,ses-1,ses-2,FZ,0.37802381931442913,0.331504492331297,0.8769407518618854
sub-NORB00103,ses-1,ses-2,CZ,0.3213338619609141,0.30544251189892563,0.9505456724510364
sub-NORB00103,ses-1,ses-2,PZ,0.3352326316843582,0.334102774993305,0.99662963391906
