subject_id,session_id,n_segments,Fp1,Fp2,F3,F4,C3,C4,P3,P4,O1,O2,F7,F8,T3,T4,T5,T6,FZ,CZ,PZ
sub-NORB00064,ses-1,13,0.27724513348760077,0.293029684888897,0.3259972705330694,0.31385856005087764,0.2697861660465514,0.2617933188559293,0.29018652826649727,0.2686752944694625,0.33678590412913006,0.3088095299709233,0.29075348357320435,0.29148124792106844,0.32124135107373736,0.2957903066251639,0.3468194214926745,0.26456275230858456,0.3384869080677839,0.2470951892831122,0.2706948393300524
sub-NORB00064,ses-2,20,0.2992196198201206,0.28907582404805465,0.28317759079571464,0.26685040433889207,0.2659064875313492,0.27743757361560345,0.2818324365891095,0.27756867101401295,0.2983963980080474,0.2824251949533368,0.29509076479067003,0.30213041563383586,0.31352355426219136,0.30739118683940925,0.3047697223802411,0.28949019860263514,0.28812948972991415,0.24854779044855402,0.3027835300276619
sub-NORB00064,ses-3,17,0.30088461952312534,0.30696098483222084,0.3124480255747449,0.2806102563867694,0.3024117672138962,0.27218494645507824,0.3139196292075941,0.2654549541635999,0.28655284940029735,0.275907388644478,0.30938863835636504,0.2910948777643405,0.34191977202973156,0.2867252231315828,0.31173377964169346,0.2713830177693075,0.29687983986356964,0.2707948942993896,0.31439053509249704
sub-NORB00065,ses-1,20,0.30064621639794276,0.30284519927248643,0.2971049185819817,0.3053170889720761,0.2991707245622034,0.3116286969751694,0.32787510212918036,0.37044362469809905,0.29628535421680696,0.29880323465561887,0.28256575346613616,0.2812751499134512,0.28473400053763964,0.30436702070401755,0.2399482249817663,0.2993897520467203,0.30462387802813606,0.31843735400789586,0.3255586490762918
sub-NORB00065,ses-2,20,0.277704264501652,0.28719452490059,0.27298628048355283,0.266576814571333,0.277247510665456,0.28588305271807457,0.2816510317406479,0.2867663829916428,0.29872972891230204,0.31289251017021824,0.2759176522325344,0.26142103200885247,0.2782469536335123,0.2654881170299029,0.2910322310246566,0.2614664951943061,0.2744166583934146,0.27146263377844415,0.2915385624461825
sub-NORB00069,ses-1,15,0.2813813036889098,0.28736653365348847,0.294993869406094,0.2866146908571357,0.3004537499622422,0.298682295684644,0.2830106148457474,0.2992078477277081,0.277341800148083,0.2723782855832414,0.3182074952597595,0.2764523128714966,0.3383811767145906,0.2869432482387972,0.30435281286489757,0.3415346667168713,0.3091180243390961,0.31544743726361824,0.298816547251368
sub-NORB00069,ses-2,20,0.28789523032754033,0.29589707498744466,0.3135163790341919,0.32403050480365125,0.31508809434591434,0.31840990788768203,0.3467284440874751,0.3347766273852749,0.3381399141800209,0.3311864062148907,0.2997137274823173,0.3237904927387756,0.27344011771413,0.3077078789244672,0.3378556507106457,0.32824490904324566,0.33857259661906247,0.2890517767668749,0.3490025644663958
sub-NORB00069,ses-3,20,0.2835940675470994,0.3034351857338955,0.324536140324952,0.3192760748646878,0.30937911581787475,0.3092073981337806,0.2926969188596723,0.3061088249103027,0.30392267194138545,0.3133528661575496,0.3192592402190043,0.31639981129840855,0.2995082516392755,0.26777029586234785,0.28585058543460773,0.287091613562984,0.3118983641640738,0.27339483374007517,0.2956527313496558
sub-NORB00069,ses-4,15,0.3081025602796194,0.30945664536339196,0.29426438648360337,0.2835674816637756,0.3104069043281669,0.269476257165987,0.2744342472870233,0.31943561007362914,0.3139518440321087,0.3338104383107717,0.27099127234284154,0.2960743128968521,0.2787016558533594,0.288708592690264,0.30099148198072506,0.3330829600806494,0.31003842837583545,0.30461566423568764,0.3052398645231322
sub-NORB00070,ses-1,15,0.3390178288055493,0.36306113427584313,0.360305043282278,0.3762704405454447,0.3659915174091721,0.3648998099959171,0.34000724520374026,0.37121967374043396,0.417257063895271,0.3945365997851358,0.3661233517183931,0.3318638573421673,0.3530697288571056,0.33796596823615993,0.3699197365185856,0.3567676205890849,0.36303471452017533,0.34737628814004345,0.37070479746554097
sub-NORB00070,ses-2,20,0.30366507646546814,0.2986807204988511,0.30684381454674664,0.28674478017198207,0.28651498701520584,0.28303389427105274,0.2796290248896877,0.32003108555517945,0.33734821085827604,0.3146419124263312,0.32044591913332987,0.3009860853904515,0.2903121336950377,0.2866777367514772,0.31519866919064704,0.3122323780660515,0.30963237173709623,0.2669971118713706,0.30677590899621965
sub-NORB00070,ses-3,20,0.2906453498995319,0.2907945534007025,0.2995714921599841,0.2812523769808116,0.3102143211506434,0.2665469218404856,0.3160806191792108,0.30024859753345895,0.283681517805849,0.29632286783372175,0.2996772465215543,0.2880796853947624,0.2900410050371947,0.28981453315668754,0.2780076930546042,0.286914191865769,0.28163192163336426,0.2887977691713892,0.32052455709470407
sub-NORB00074,ses-1,1,0.42524463731617124,0.19366571582648306,0.2065765888791277,0.2810862840493187,0.23352721402812804,0.2864184954195481,0.26095244981233595,0.38391136979499757,0.3351228458845147,0.2863938574486127,0.30817855206309286,0.21089417161636106,0.36347608069822573,0.2615646694115081,0.3751098448294075,0.18352603254374308,0.185138774940198,0.27641215430950417,0.3217242793950961
sub-NORB00074,ses-2,20,0.27343639477045456,0.2749000706630607,0.2911291281434951,0.2778479475013951,0.28566118640712634,0.27958423823014245,0.3066612694866627,0.2835510296204348,0.28938877288422976,0.2974383411839058,0.3045244408488347,0.25178239905406474,0.3018197698277544,0.2814623235569846,0.29635248261134306,0.25659183140616054,0.3027181340284227,0.28985548905344316,0.2940823451973277
sub-NORB00075,ses-1,20,0.33913212618559424,0.3414400616567598,0.34009176053026635,0.3331044549850997,0.29360553061928696,0.3345089708354939,0.31177442532403465,0.3352120437560885,0.36265146287769284,0.3694961044175721,0.32324916783183416,0.3615255968758746,0.3021954153093234,0.35020837306171215,0.34680110790722235,0.3567035798291081,0.3277940614187163,0.33533805922644455,0.3728080091501197
sub-NORB00075,ses-2,20,0.2981404214409843,0.2928806208955279,0.2807331904261932,0.2961152949914699,0.2813373167488947,0.28156901697813014,0.33066295644924215,0.29373938935930416,0.30329705347393104,0.30463758132893626,0.2912990311363004,0.27007975832158054,0.3007853458969572,0.32265208417818136,0.2851722211779032,0.2963391223979944,0.2667976917776581,0.2962464902171144,0.3335044047976659
sub-NORB00075,ses-3,20,0.3084940622089056,0.3162340427716895,0.33799566652553403,0.27226160098516117,0.29120397161829714,0.2767613414981642,0.286972217836028,0.31110255838236356,0.2815381643032048,0.28640537837378977,0.2638483386396355,0.2604836047944453,0.27981454874108913,0.25091398949033794,0.2739962326493235,0.2766698075821584,0.33079697538758246,0.3260934561337012,0.31260915566927927
sub-NORB00077,ses-1,20,0.34396058509935845,0.33602060103772935,0.3673684378735847,0.35833611479589733,0.3368643920658669,0.3135636771328774,0.3260816852111791,0.3321761040429746,0.32178562643616077,0.3580844048038101,0.32136212549519144,0.34742564744103577,0.33752870613978836,0.36932606995834677,0.3540388281890349,0.39633741634699726,0.3681553787839281,0.3375498872526764,0.3462201711513652
sub-NORB00077,ses-2,20,0.2970576371139148,0.30800179495011093,0.31272034488408557,0.32054682817571695,0.2965257891241676,0.28829068862909457,0.3056829015143513,0.3116588532884276,0.327789263507703,0.3411768113385656,0.29534701162752347,0.3254083343385417,0.3006964571884235,0.29000170648539914,0.2911831417934933,0.31309242285647343,0.3133565414778845,0.3221819757073471,0.3067060022146477
sub-NORB00078,ses-1,20,0.2977675265918255,0.2931656740439504,0.3238347694627001,0.2922181323032729,0.2968577533901796,0.2865535993375912,0.3209049319428782,0.335750012022705,0.30771078219139086,0.2715430418193866,0.31803332752882046,0.32131800227344354,0.32362948303535904,0.29869288636709374,0.2974289461334547,0.2751355485883851,0.3268038034283063,0.31369751719609856,0.34626353277862537
sub-NORB00078,ses-2,20,0.3023501825882779,0.28831426968904483,0.29741786282239085,0.3063606126104531,0.30628551252208636,0.35519281538569364,0.3138018942557105,0.3109537225741566,0.36795101408139064,0.32812416042626597,0.30418935285030013,0.27187908087843804,0.3223057205941499,0.2911227705265859,0.33843988829133564,0.286026485012089,0.31305860384550277,0.33370283895938374,0.31292081798330657
sub-NORB00079,ses-1,14,0.32583658858589937,0.3592343970695563,0.34381453334396095,0.3302955376392064,0.2750724916168075,0.2862721399650122,0.2949902154186216,0.31753846517607254,0.32065542079011855,0.3149068113163124,0.3173063721702166,0.3453490264368818,0.3141444952906614,0.32731403573634477,0.3063460850670617,0.30747311011673506,0.3405598657597814,0.32249923470480685,0.3058254235936297
sub-NORB00079,ses-2,20,0.3854812296851479,0.39775657822287325,0.4339981604443552,0.4078413475858384,0.3026049509316799,0.34605071166699686,0.3693545208122961,0.34130900524674124,0.3522499792506984,0.35416480904256725,0.36573240313876554,0.40552582518208863,0.37027167544184697,0.36421815970392996,0.3369211665996507,0.3677862094418606,0.42200367312461495,0.3153801143556811,0.3684620898847478
sub-NORB00080,ses-1,20,0.33001104684094484,0.3104762951139085,0.3612709235728472,0.3147251714342375,0.30375618460437565,0.27957490633294535,0.3125368124718223,0.3126497571451341,0.39723851083851125,0.39759787981864114,0.3039653500545712,0.3066754511452992,0.30267822000568406,0.3282999974065973,0.32120289114925893,0.33251875073120807,0.34070827676189863,0.2869089657087166,0.335692869860418
sub-NORB00080,ses-2,20,0.30804216449190863,0.2988990525348738,0.3043579271628479,0.2865362792848071,0.283357109183707,0.27284205950213924,0.29952082839891603,0.2905123780556578,0.29816391615530957,0.30929642213203995,0.2993134005832242,0.27641287924596203,0.2999728086607895,0.26596899207020486,0.3052172359926334,0.29267654951338706,0.30385484120542705,0.28032066503894126,0.3096032464503039
sub-NORB00081,ses-1,15,0.3079551929366922,0.31636345511517266,0.34772254492501464,0.284934548181264,0.31485820515595325,0.3071152482440905,0.2694207277248065,0.29921447990122557,0.2916922262385878,0.2896954542292431,0.2856656099630126,0.2872623338282453,0.2758131580628831,0.30088709375269684,0.27108846656249636,0.3194280985020085,0.34514939335190614,0.30474510882294875,0.3023844333932864
sub-NORB00081,ses-2,20,0.31076713637623565,0.32018958963046384,0.3267278664282041,0.31504496421460043,0.32173913085599315,0.3282013203645525,0.29110681811998407,0.3495508569968618,0.3217320759954172,0.3813066743169218,0.312746588959777,0.3237952097026596,0.3287595486682654,0.3216751214703805,0.343896682616092,0.3288312182571503,0.32710875059435396,0.33646247990176403,0.3038491380672658
sub-NORB00083,ses-1,20,0.3167212773425888,0.3047038132499888,0.3502651748076485,0.30462817350972676,0.2624466755238208,0.2796123980729051,0.31250820377396443,0.3069191991399832,0.29621282150637357,0.2982678405824387,0.3006959135452659,0.2806991844695824,0.2817494361716868,0.2991088462363967,0.3287303014427737,0.29780918844503657,0.35774321149123334,0.26189222148283886,0.3068576541783302
sub-NORB00083,ses-2,20,0.3515818187522521,0.3474054736395657,0.3181361336357186,0.332413662618296,0.3105908650741679,0.2761894870464173,0.3275236537743682,0.33038710387014253,0.3463054585926503,0.33328438728941623,0.32755116694260134,0.3222512730138538,0.3266589955870233,0.2846141258973697,0.3581882182886602,0.3531137496637713,0.30411998939842266,0.2935727822732458,0.32967539693557035
sub-NORB00084,ses-1,15,0.34134018086431034,0.34353464820516927,0.3662713880278981,0.3640372837505639,0.2572421658243291,0.28661331650437755,0.36102332145961497,0.3539642145802635,0.3961471650102498,0.4004479932485413,0.3547679340736337,0.3188017975371587,0.2717124094139878,0.29759396851548126,0.2951051283541951,0.3127267751937118,0.3652657272451083,0.31133349942419203,0.39216865940499
sub-NORB00084,ses-2,20,0.2857745510487493,0.27963132208836183,0.2948677153502157,0.28744082062325693,0.271783424392738,0.2668856967084311,0.2768788510999537,0.2622809707135191,0.3142918807633417,0.2865927132480961,0.2871854091152015,0.29942414407433804,0.3193658987118215,0.2798914916527504,0.2836513517068214,0.27565398729583557,0.29480646637938934,0.2798235754323173,0.2794066917891687
sub-NORB00085,ses-1,8,0.2905564574836389,0.28419018520142164,0.312481180898679,0.2842981961747262,0.30959691513194365,0.2917921088705178,0.308325592110698,0.280344841933509,0.3380999778232463,0.28825243078800206,0.26893125943302426,0.28783129571211774,0.29072915994737947,0.25714338806813336,0.35899972201004027,0.3226314008708226,0.3117544744616359,0.2688513969299504,0.3059528503187485
sub-NORB00085,ses-2,19,0.33472347562206645,0.34304785995154086,0.36788676414275945,0.3201670920792167,0.3263918744744363,0.30015466469572166,0.3748678093736712,0.31960709087156175,0.36134709993365915,0.3591073740391779,0.3040130682519372,0.32185206202490096,0.3933023585827778,0.31389818506903205,0.34956269569073944,0.3280754899770482,0.36059271168167895,0.35569966026697786,0.38229962554042646
sub-NORB00086,ses-1,20,0.38770303904846026,0.3322799964060904,0.39395615699996084,0.3492351477347884,0.32849179002300866,0.3098015482309874,0.31007979165362387,0.3188874476162868,0.3262049690395691,0.32871277452063585,0.34375723543715164,0.34253816345763627,0.31656022995950267,0.3527766946406807,0.32732138003595923,0.31124258652709624,0.39689262051558016,0.340184958883658,0.31406414811933614
sub-NORB00086,ses-2,20,0.31468294337445435,0.2826801046381429,0.3508670086313713,0.30241114588252466,0.29885538034093645,0.2863040831515182,0.3008256337348018,0.29543880128971667,0.3302988233589037,0.29770196903929536,0.2940726541877229,0.30978321191292685,0.3069913907877933,0.3382656344335902,0.3113471605201049,0.3031852962236451,0.34622987753093387,0.3334800965638014,0.3042689616353604
sub-NORB00087,ses-1,19,0.2975533994823357,0.29567925360444747,0.3068929974603092,0.3104732820842845,0.25600497175279924,0.2728997864725469,0.27123017059299764,0.314759747119756,0.32083966380336615,0.31388610248152776,0.3243254688922975,0.3295186934418622,0.2863436599248997,0.33005576300830863,0.2990573766143939,0.33376514085925746,0.33486299955480947,0.30984162026746337,0.29288133627493734
sub-NORB00087,ses-2,19,0.31136121158611973,0.3113679398658924,0.3305636419635714,0.29129902238755306,0.30023595175573925,0.29826241537913395,0.3060318354571442,0.2910593025595885,0.2908160204054644,0.2898837193727177,0.31941856293692555,0.3141463610301841,0.2918811195077798,0.3396140809091289,0.30394906933276983,0.32289187663899344,0.317678805437601,0.30119090157980183,0.2948755538520565
sub-NORB00089,ses-1,24,0.2634772293357955,0.26755572772338515,0.3011336818511317,0.25222970625666546,0.2618283798819272,0.2835782327339199,0.2559897724159284,0.2689110594794102,0.24106842818302018,0.2463870863883982,0.2540938827926557,0.24929972182253143,0.23052805926186803,0.27143152628469286,0.25332726277763407,0.2670106769160772,0.3071080328334789,0.25766011927619686,0.2579671194601863
sub-NORB00089,ses-2,20,0.328327493462439,0.3272300205934106,0.3255230809386228,0.31711441273166463,0.3203616181485813,0.29369523897253397,0.32125385381145355,0.30518786233196965,0.29724140036427127,0.3156807210168653,0.31806891345351673,0.30172029603797873,0.32330511213853397,0.30012492708476646,0.3116506339979104,0.29024834278363876,0.31580596362918534,0.2945987470366613,0.3135784345141249
sub-NORB00090,ses-1,15,0.35372964797081424,0.34352517443245123,0.3912523567732824,0.33006597791969156,0.335745456217138,0.33561819645787355,0.3521853281608481,0.35840225113941365,0.32952087694144894,0.36471052594644804,0.32244393533187315,0.31789611306620547,0.3144877577755571,0.3316764614269724,0.3903749823535649,0.3326834597129641,0.40333374841115455,0.39541896890786365,0.32837818244692907
sub-NORB00090,ses-2,20,0.2890273716517053,0.2782922998331489,0.3286600624459021,0.2753204837087058,0.2738175149437955,0.2894868611031889,0.2810888491107164,0.28731095661448075,0.30097092340769893,0.3014555918137881,0.27835943607102115,0.3104928715713836,0.27281481924778866,0.2660027938212549,0.2913090684990055,0.2576755960206189,0.3256564889123207,0.32057198718315294,0.29341809905796523
sub-NORB00094,ses-1,12,0.3728485332953891,0.34970037121069136,0.408345288965434,0.35709464235185245,0.35201509883031057,0.3304331663906049,0.3763238080285858,0.37262255628576396,0.35402911047418234,0.3522940325142589,0.3256724643345787,0.3348467521200004,0.3356761988353943,0.3671405005274216,0.35616791740985354,0.3397470578065695,0.38790102839346624,0.3252689517100149,0.3735159560042671
sub-NORB00094,ses-2,20,0.32735829171398767,0.3522766257692509,0.3371989990956282,0.30472062324616783,0.30114687073785784,0.2989657695422629,0.31703854687195726,0.29633373584877154,0.3562497244498143,0.34854430273624254,0.33337685541743994,0.290718558929205,0.3208211351397145,0.31859858315234774,0.2934300326101097,0.30058924352170413,0.3010045447626569,0.27510557910737743,0.3063702881693717
sub-NORB00096,ses-1,20,0.31221870828237586,0.31046572249776144,0.29941895324798284,0.28799821137863846,0.30069633291048886,0.31474838803763305,0.31393059683667796,0.3165409423998618,0.30755073505454267,0.3409865273269664,0.29402449963296323,0.29944347849337244,0.32227800820158753,0.32781161139019566,0.33761093681084475,0.28277198839273715,0.2951048264928678,0.2799127417303961,0.319594296713332
sub-NORB00096,ses-2,20,0.30700843290975843,0.30558197208282617,0.3067552928125755,0.33197389954918133,0.3099450725357703,0.3015142580726314,0.3252320556301048,0.288580260592471,0.30998386605108375,0.31139690176627777,0.3204006235060702,0.31352011329237806,0.31024822213638625,0.2981176697577609,0.26563544843853204,0.30373633107249687,0.32502832906408385,0.3243116320742094,0.3291863646360411
sub-NORB00103,ses-1,35,0.34514783330440457,0.33457750014551546,0.37847148453444657,0.3300432460119042,0.3239588254916631,0.3154424210278854,0.32039404082268386,0.33891567741843726,0.3143949065678985,0.34397604909335056,0.35540164886292164,0.32392044173055085,0.316637324303586,0.349260816716287,0.31953850154825475,0.33391917862698917,0.37802381931442913,0.3213338619609141,0.3352326316843582
sub-NORB00103,ses-2,20,0.34159013927151205,0.3475808555045995,0.3424340921135972,0.3431045238751856,0.32463644407130887,0.2975382252751181,0.3238740102530627,0.33631642355419983,0.32724693194014837,0.31632482033806786,0.33718634247512963,0.28813923725958046,0.31111256999467624,0.33568515653661674,0.340705420405072,0.36824151903295327,0.331504492331297,0.30544251189892563,0.334102774993305
