node,min_value,max_value,jaccard_min_over_max,subject_id
Fp1,0.1693209134615385,0.1801174343498771,0.9400584350576168,sub-NORB00064
Fp2,0.1756435943690297,0.1775790486963141,0.9891008858224356,sub-NORB00064
F3,0.17279068364675307,0.20528679220085472,0.8417038514474564,sub-NORB00064
F4,0.15672207550580336,0.18837640224358973,0.8319623564269258,sub-NORB00064
C3,0.1526241957663613,0.18364879354113317,0.8310656052971943,sub-NORB00064
C4,0.15687199915131933,0.1615752759741811,0.9708911106943533,sub-NORB00064
P3,0.16886939123237013,0.18089776976495725,0.9335073143896924,sub-NORB00064
P4,0.1489315481309483,0.1574853098290598,0.9456853359377071,sub-NORB00064
O1,0.16812153812954683,0.19968616452991456,0.8419288262926243,sub-NORB00064
O2,0.15892888105737746,0.17416199252136755,0.9125348117378642,sub-NORB00064
F7,0.17054469814241485,0.18013822115384615,0.9467435453176924,sub-NORB00064
F8,0.1703417437475315,0.17640725160256412,0.9656164483039626,sub-NORB00064
T3,0.17995625478809252,0.1900394059000306,0.9469417878666582,sub-NORB00064
T4,0.15857081187331987,0.18047178591621377,0.8786459948201449,sub-NORB00064
T5,0.1698788872418407,0.19282518696581194,0.8809994685598845,sub-NORB00064
T6,0.15908787393162394,0.16534221857119197,0.9621733354395806,sub-NORB00064
FZ,0.16575944360037712,0.21001101762820515,0.7892892738314844,sub-NORB00064
CZ,0.1555929422562966,0.1687019339493432,0.9222949530798924,sub-NORB00064
PZ,0.16737820148364738,0.18588180845675648,0.9004549873560447,sub-NORB00064
Fp1,0.16527318791287632,0.17019927357075332,0.9710569525090882,sub-NORB00065
Fp2,0.16541188855384992,0.17265402133657726,0.9580540741150229,sub-NORB00065
F3,0.15619509083279182,0.15754540237222622,0.9914290641357844,sub-NORB00065
F4,0.1498951839837828,0.16669652080168978,0.8992100330762471,sub-NORB00065
C3,0.16133075835566923,0.16521195872517574,0.9765077516212809,sub-NORB00065
C4,0.1671374289478466,0.17736177103638726,0.9423531800071897,sub-NORB00065
P3,0.1736197303274583,0.18041649167669618,0.9623273832338034,sub-NORB00065
P4,0.17464278371710526,0.19601602859949055,0.8909617492248242,sub-NORB00065
O1,0.17165188954680083,0.17440821412375465,0.9841961309517336,sub-NORB00065
O2,0.17149886026709288,0.19033003243786548,0.9010604268303261,sub-NORB00065
F7,0.14967349330622054,0.17438347750162445,0.8583008863602131,sub-NORB00065
F8,0.15217653068358156,0.1601204617446394,0.9503877832070778,sub-NORB00065
T3,0.15673225894342627,0.1699895279165313,0.9220112607194565,sub-NORB00065
T4,0.16454813731860515,0.17335731046107627,0.9491848764898263,sub-NORB00065
T5,0.15075719986870637,0.17178886071515595,0.8775726158326278,sub-NORB00065
T6,0.15085287938934916,0.16449979907114815,0.9170399006025745,sub-NORB00065
FZ,0.15637428387809144,0.16119087323343081,0.9701187216203974,sub-NORB00065
CZ,0.15503094668819037,0.16107508950681526,0.9624762411299536,sub-NORB00065
PZ,0.17547691234500215,0.18264366435673945,0.9607610149688017,sub-NORB00065
Fp1,0.1596847810354533,0.1813344506939932,0.8806091750592153,sub-NORB00069
Fp2,0.16438438278373402,0.18769116120692,0.8758237826794015,sub-NORB00069
F3,0.17067192720283006,0.1860820308253153,0.9171865034246564,sub-NORB00069
F4,0.15335823000144394,0.19388946646010002,0.7909569962791305,sub-NORB00069
C3,0.18067188853692875,0.19781656384362628,0.9133304361698934,sub-NORB00069
C4,0.16176232198938703,0.1884010004722494,0.8586064913875756,sub-NORB00069
P3,0.16351412747725796,0.21529978706308434,0.7594718494976829,sub-NORB00069
P4,0.17805914826130026,0.1914710144188954,0.9299535431078199,sub-NORB00069
O1,0.16536444531080124,0.1959167520282942,0.8440546487158964,sub-NORB00069
O2,0.17923986920381912,0.19669267449101152,0.9112686563830827,sub-NORB00069
F7,0.15152273527182153,0.1874530617219776,0.8083236084804718,sub-NORB00069
F8,0.1561589359522778,0.19484036738625243,0.8014711635331072,sub-NORB00069
T3,0.15392603365731716,0.1831037169255545,0.8406494212233809,sub-NORB00069
T4,0.15275163458414556,0.18843931765057617,0.8106144539718275,sub-NORB00069
T5,0.1677183983610567,0.189704071197543,0.8841054243185317,sub-NORB00069
T6,0.16585916053421937,0.19050884365325027,0.8706113446161251,sub-NORB00069
FZ,0.16967634895494915,0.20596958068330076,0.8237932436044711,sub-NORB00069
CZ,0.15723879341976513,0.18075904545768665,0.8698806359683543,sub-NORB00069
PZ,0.17392856619106925,0.20150491275277232,0.8631480186513533,sub-NORB00069
Fp1,0.17014973958333332,0.2068142361111111,0.8227177334732424,sub-NORB00070
Fp2,0.1657263471782272,0.21775173611111115,0.761079338047908,sub-NORB00070
F3,0.17477213541666667,0.21494502314814815,0.8131015682843105,sub-NORB00070
F4,0.15565863715277778,0.21598668981481478,0.7206862482416774,sub-NORB00070
C3,0.16341128912172406,0.2081741898148148,0.7849738205638729,sub-NORB00070
C4,0.1526584201388889,0.19734519675925927,0.7735603533594809,sub-NORB00070
P3,0.16173801897200563,0.20418836805555554,0.7921020208555659,sub-NORB00070
P4,0.17553710937500006,0.19921875,0.8811274509803925,sub-NORB00070
O1,0.17535807291666666,0.2310763888888889,0.7588749060856498,sub-NORB00070
O2,0.16631944444444446,0.21918402777777776,0.7588118811881189,sub-NORB00070
F7,0.18193359374999998,0.20628616898148147,0.8819476101974261,sub-NORB00070
F8,0.16815321180555554,0.19921875,0.8440631808278866,sub-NORB00070
T3,0.1705891927083333,0.21239872685185188,0.8031554390027925,sub-NORB00070
T4,0.15753743595340589,0.20230758101851853,0.7787025832659501,sub-NORB00070
T5,0.16833767361111113,0.2318287037037037,0.7261295556665003,sub-NORB00070
T6,0.1654351128472222,0.20144675925925926,0.8212349181269749,sub-NORB00070
FZ,0.16854926215277782,0.21381655092592594,0.788289126463225,sub-NORB00070
CZ,0.16685897566060212,0.19811921296296295,0.8422150137038718,sub-NORB00070
PZ,0.1791937934027778,0.1984519675925926,0.9029580083108553,sub-NORB00070
Fp1,0.16208767361111115,0.3041449652777778,0.5329290046378881,sub-NORB00074
Fp2,0.1286892361111111,0.161181640625,0.798411255848396,sub-NORB00074
F3,0.1599392361111111,0.16873914930555556,0.9478490129252137,sub-NORB00074
F4,0.1460503472222222,0.16841905381944441,0.8671842283284478,sub-NORB00074
C3,0.12239583333333333,0.1628363715277778,0.7516492303591655,sub-NORB00074
C4,0.1521267361111111,0.16367187499999997,0.9294616812516575,sub-NORB00074
P3,0.07486979166666667,0.17881401909722222,0.41870202372644805,sub-NORB00074
P4,0.11480034722222222,0.167236328125,0.686455798864558,sub-NORB00074
O1,0.15508897569444446,0.1587456597222222,0.976965140123035,sub-NORB00074
O2,0.15364583333333334,0.17887912326388894,0.8589366412908311,sub-NORB00074
F7,0.14973958333333334,0.18005099826388887,0.8316509476602285,sub-NORB00074
F8,0.1183810763888889,0.146875,0.8059988179669031,sub-NORB00074
T3,0.17078993055555555,0.18235677083333332,0.9365702725217185,sub-NORB00074
T4,0.15321723090277778,0.19140625,0.8004818594104308,sub-NORB00074
T5,0.1726453993055555,0.17957899305555555,0.9613897280966764,sub-NORB00074
T6,0.13075086805555555,0.14312065972222224,0.9135708870356329,sub-NORB00074
FZ,0.1357421875,0.18526475694444441,0.7326929834836595,sub-NORB00074
CZ,0.10894097222222222,0.17279730902777776,0.6304552590266876,sub-NORB00074
PZ,0.1759982638888889,0.18338216145833336,0.9597349190852341,sub-NORB00074
Fp1,0.16757103909829268,0.20260079961227428,0.8270995939748533,sub-NORB00075
Fp2,0.1754223584269713,0.1928453952128532,0.9096528243951523,sub-NORB00075
F3,0.16525860398730235,0.2010833397234723,0.8218413530159397,sub-NORB00075
F4,0.15534531528437537,0.20785702742651307,0.7473661930400549,sub-NORB00075
C3,0.17245792341820987,0.18042091601390062,0.9558643600109133,sub-NORB00075
C4,0.15688220077354145,0.19756453171981883,0.794080796830617,sub-NORB00075
P3,0.17941925642716688,0.19448419040122739,0.9225390303295037,sub-NORB00075
P4,0.17743451255330928,0.1986454349906614,0.8932222004580711,sub-NORB00075
O1,0.1607852214312391,0.21691196101847326,0.7412464516769818,sub-NORB00075
O2,0.16965493975411058,0.21685629704248308,0.78233808318176,sub-NORB00075
F7,0.15409672792398454,0.18347659302266164,0.8398713175633891,sub-NORB00075
F8,0.14842557552792301,0.21614481597336796,0.6866950514612902,sub-NORB00075
T3,0.1633707312141271,0.1738734575269059,0.939595574493286,sub-NORB00075
T4,0.15127952934641906,0.20117081742744203,0.7519954001329359,sub-NORB00075
T5,0.15646345595403263,0.21225308081523947,0.7371551703893986,sub-NORB00075
T6,0.16472773300723373,0.21894051538399095,0.7523857917221232,sub-NORB00075
FZ,0.1625298552733106,0.19121914449070707,0.8499664388008454,sub-NORB00075
CZ,0.18471943023066928,0.19809186486097943,0.9324937718179648,sub-NORB00075
PZ,0.17773265589614576,0.22508744558356644,0.7896160331614779,sub-NORB00075
Fp1,0.18120659722222224,0.19934353298611113,0.9090166834499088,sub-NORB00077
Fp2,0.19009874131944443,0.19476453993055556,0.9760439009443159,sub-NORB00077
F3,0.2007975260416667,0.2245768229166667,0.8941150891433541,sub-NORB00077
F4,0.20162217881944447,0.20801866319444443,0.9692504303374891,sub-NORB00077
C3,0.1784342447916667,0.1942003038194444,0.9188154770219309,sub-NORB00077
C4,0.1721462673611111,0.18317599826388886,0.9397861564434441,sub-NORB00077
P3,0.18553602430555555,0.20362413194444443,0.9111691356708942,sub-NORB00077
P4,0.18312174479166665,0.19682617187499998,0.9303729430248905,sub-NORB00077
O1,0.19112955729166667,0.20231119791666666,0.9447304907481899,sub-NORB00077
O2,0.1827039930555555,0.21931423611111117,0.8330694636849392,sub-NORB00077
F7,0.1664496527777778,0.185107421875,0.899205721152437,sub-NORB00077
F8,0.19282769097222222,0.19321831597222225,0.9979783231313527,sub-NORB00077
T3,0.186181640625,0.19454210069444441,0.9570249316749402,sub-NORB00077
T4,0.1677517361111111,0.20596245659722223,0.8144772541685324,sub-NORB00077
T5,0.1788899739583333,0.21328667534722223,0.8387301910309566,sub-NORB00077
T6,0.179443359375,0.23111436631944446,0.7764266766825512,sub-NORB00077
FZ,0.1984700520833333,0.22374131944444448,0.8870514064015516,sub-NORB00077
CZ,0.19671223958333336,0.20271809895833334,0.9703733440385388,sub-NORB00077
PZ,0.18285047743055557,0.1972113715277778,0.9271801925722146,sub-NORB00077
Fp1,0.17291124131944446,0.18095638613073967,0.955540973251518,sub-NORB00078
Fp2,0.17293836805555557,0.18065315892692765,0.9572950126242041,sub-NORB00078
F3,0.17518988715277778,0.2102965581512616,0.8330611242185315,sub-NORB00078
F4,0.17348421297988412,0.18585611979166666,0.933432879016033,sub-NORB00078
C3,0.16263563368055553,0.17390189068591616,0.9352148676421892,sub-NORB00078
C4,0.15582642103909466,0.20047743055555553,0.7772766271359042,sub-NORB00078
P3,0.1780327690972222,0.19230349455815465,0.9257906077384526,sub-NORB00078
P4,0.16620008680555556,0.1912469266941466,0.869034026734205,sub-NORB00078
O1,0.17933543409546243,0.18561197916666666,0.966184590566925,sub-NORB00078
O2,0.16659785042032166,0.19214952256944445,0.8670219326728319,sub-NORB00078
F7,0.1709255642361111,0.18960427326998044,0.9014858224884392,sub-NORB00078
F8,0.1652560763888889,0.18656921981603314,0.8857628099203068,sub-NORB00078
T3,0.1683051215277778,0.19619232633812544,0.8578578207881293,sub-NORB00078
T4,0.154638671875,0.18682949899826723,0.8276994409562389,sub-NORB00078
T5,0.18262340602664065,0.19712999131944448,0.9264110691848191,sub-NORB00078
T6,0.16121419270833331,0.16959491586798792,0.9505838773717832,sub-NORB00078
FZ,0.17347547743055558,0.20882653229572773,0.8307156927017776,sub-NORB00078
CZ,0.1789028446163634,0.18595377604166663,0.9620823433898792,sub-NORB00078
PZ,0.17259114583333332,0.20073535135098552,0.8597944740264405,sub-NORB00078
Fp1,0.18064081101190474,0.22305230034722223,0.809858543178904,sub-NORB00079
Fp2,0.20094711061507936,0.232958984375,0.8625857944659034,sub-NORB00079
F3,0.2125341021825397,0.2625651041666667,0.8094529654162682,sub-NORB00079
F4,0.1960177951388889,0.22500542534722218,0.8711691944156441,sub-NORB00079
C3,0.1704806857638889,0.18115234375,0.9410901467505242,sub-NORB00079
C4,0.1804082961309524,0.19403211805555554,0.929785738252353,sub-NORB00079
P3,0.17433965773809526,0.20162760416666664,0.8646616541353386,sub-NORB00079
P4,0.17251054067460317,0.18964843749999996,0.9096333349680417,sub-NORB00079
O1,0.19209526909722222,0.20719401041666669,0.9271275202932704,sub-NORB00079
O2,0.19404916914682538,0.19746636284722222,0.9826948060868438,sub-NORB00079
F7,0.1717742435515873,0.20524631076388888,0.8369175694913846,sub-NORB00079
F8,0.20129588293650794,0.22615559895833334,0.8900769375760379,sub-NORB00079
T3,0.1783931671626984,0.20778537326388888,0.858545355529611,sub-NORB00079
T4,0.19230530753968253,0.22811414930555554,0.8430222681281045,sub-NORB00079
T5,0.1858452690972222,0.18606615823412698,0.9988128462531761,sub-NORB00079
T6,0.18775576636904762,0.20762261284722222,0.904312703680338,sub-NORB00079
FZ,0.21001519097222224,0.25852322048611115,0.8123649031499863,sub-NORB00079
CZ,0.18156467013888886,0.19301835317460317,0.9406601349180853,sub-NORB00079
PZ,0.16728670634920637,0.2046223958333334,0.8175385967304515,sub-NORB00079
Fp1,0.18695382360635465,0.20119165160683344,0.9292325109577498,sub-NORB00080
Fp2,0.1802973260151663,0.19158820535859325,0.9410669392602016,sub-NORB00080
F3,0.17474264106327464,0.21929975794279294,0.7968209481966616,sub-NORB00080
F4,0.17617307473431726,0.19295090875094761,0.9130461000404697,sub-NORB00080
C3,0.16504278910836595,0.18531433594596056,0.8906099372500464,sub-NORB00080
C4,0.1731696088823657,0.17818082925533357,0.9718756479363626,sub-NORB00080
P3,0.18083220579541748,0.20963379858065304,0.8626099752032369,sub-NORB00080
P4,0.16948482134363446,0.1980510841387806,0.8557631586852166,sub-NORB00080
O1,0.17337364865323984,0.2470382151728666,0.7018090238869339,sub-NORB00080
O2,0.1815004047245325,0.24242571821867553,0.7486846117572951,sub-NORB00080
F7,0.17424020719517833,0.18400462751448451,0.9469338328540811,sub-NORB00080
F8,0.17681183239562953,0.1813173462204895,0.9751512256340821,sub-NORB00080
T3,0.17294105418637204,0.18358064667600715,0.9420440406857677,sub-NORB00080
T4,0.17110739299643943,0.18413253033964158,0.9292621606884094,sub-NORB00080
T5,0.18984267767109703,0.19960806361002814,0.9510771971717052,sub-NORB00080
T6,0.1690287842805501,0.20572014557274748,0.8216442964783803,sub-NORB00080
FZ,0.17647836995814306,0.21025954311173378,0.8393358386799161,sub-NORB00080
CZ,0.1640007933110459,0.18087890836514514,0.9066883186843049,sub-NORB00080
PZ,0.18784134033893235,0.21397832780011372,0.8778521744239582,sub-NORB00080
Fp1,0.17553530092592592,0.18683448115842968,0.9395230464823974,sub-NORB00081
Fp2,0.17296006944444448,0.19447656031531585,0.889362035013446,sub-NORB00081
F3,0.1981213590281063,0.19816984953703703,0.9997553083425958,sub-NORB00081
F4,0.1625072337962963,0.19495832395881152,0.833548578467616,sub-NORB00081
C3,0.18701533564814815,0.1942881448440845,0.9625668915528904,sub-NORB00081
C4,0.18119212962962966,0.1978467748421252,0.9158204867085381,sub-NORB00081
P3,0.14602864583333333,0.17259100007044634,0.8460965274766873,sub-NORB00081
P4,0.17276475694444446,0.22434527984348396,0.7700842070979831,sub-NORB00081
O1,0.16933593750000003,0.201169179369657,0.841758852079612,sub-NORB00081
O2,0.1681568287037037,0.2535336553910409,0.6632524918411515,sub-NORB00081
F7,0.16707899305555554,0.17808781411386812,0.9381831872489961,sub-NORB00081
F8,0.16373697916666666,0.2013178375633189,0.8133257397778663,sub-NORB00081
T3,0.16224681712962966,0.18824225767231925,0.8619043308121555,sub-NORB00081
T4,0.1873046875,0.19221859760027604,0.974435823788005,sub-NORB00081
T5,0.15340711805555557,0.20342240471843293,0.7541308847857442,sub-NORB00081
T6,0.18641493055555555,0.1902004775643354,0.980097068854628,sub-NORB00081
FZ,0.19811921296296298,0.2017126092204644,0.9821855645445844,sub-NORB00081
CZ,0.18898292824074078,0.20386391572234003,0.9270052896370982,sub-NORB00081
PZ,0.16481481481481478,0.19235022297735632,0.8568475370793667,sub-NORB00081
Fp1,0.1774668962114865,0.21380928540245286,0.8300242708236028,sub-NORB00083
Fp2,0.17227542938058457,0.20350934301900586,0.8465234412579066,sub-NORB00083
F3,0.18829654249918776,0.2058124301613024,0.9148939272113602,sub-NORB00083
F4,0.17888964118515993,0.19228517740145115,0.9303350554768757,sub-NORB00083
C3,0.16535354535955277,0.1659717040116688,0.9962755178312047,sub-NORB00083
C4,0.161578593944643,0.16953472941371564,0.9530707631611144,sub-NORB00083
P3,0.17529585555055271,0.18348401627138833,0.9553739835914392,sub-NORB00083
P4,0.18422489872685183,0.18780822219557883,0.9809203056882386,sub-NORB00083
O1,0.17977258802460766,0.19394094472533568,0.9269449949272258,sub-NORB00083
O2,0.1803794882683969,0.19663804029266843,0.9173173613809773,sub-NORB00083
F7,0.17253066727379524,0.19415144396726772,0.8886396297051617,sub-NORB00083
F8,0.15615338747684285,0.18278458008447043,0.8543028487669995,sub-NORB00083
T3,0.1705620146251084,0.19490981867283952,0.875081695660497,sub-NORB00083
T4,0.17032707361889818,0.1751439038979586,0.9724978707687891,sub-NORB00083
T5,0.19232201557179934,0.21105219374390835,0.9112533357751482,sub-NORB00083
T6,0.18295712077072307,0.1916929684961826,0.9544279177583215,sub-NORB00083
FZ,0.1818459844393004,0.21486751779460414,0.846316773729989,sub-NORB00083
CZ,0.1634865376857963,0.1682149423157624,0.9718906979078574,sub-NORB00083
PZ,0.18242999715724495,0.18444162150388949,0.9890934360138331,sub-NORB00083
Fp1,0.15887044270833334,0.1881212604234351,0.8445108349302881,sub-NORB00084
Fp2,0.15319010416666667,0.18289515987112845,0.8375842437525818,sub-NORB00084
F3,0.16609700520833334,0.2079944165809328,0.7985647304320944,sub-NORB00084
F4,0.16465928819444445,0.20459629494260342,0.8048009287784867,sub-NORB00084
C3,0.14313945631181862,0.16139322916666668,0.8868987692414416,sub-NORB00084
C4,0.15222981770833338,0.17449624293823549,0.8723959619131542,sub-NORB00084
P3,0.15893554687499997,0.19204733638365462,0.8275852707349872,sub-NORB00084
P4,0.155859375,0.19444438804057468,0.8015627325149484,sub-NORB00084
O1,0.1826768663194445,0.21411526582015739,0.8531706771103418,sub-NORB00084
O2,0.1698459201388889,0.21352429427478162,0.7954407282588483,sub-NORB00084
F7,0.17416449652777774,0.19406133526008953,0.8974713911679254,sub-NORB00084
F8,0.16608359166305683,0.1704264322916667,0.9745177988518966,sub-NORB00084
T3,0.14685455359721322,0.176953125,0.8299065280548915,sub-NORB00084
T4,0.1534505208333333,0.167798001385279,0.9144955217970527,sub-NORB00084
T5,0.16247466056151177,0.16278211805555556,0.998111232992196,sub-NORB00084
T6,0.15697699652777777,0.17040535487058697,0.9211975565380134,sub-NORB00084
FZ,0.16244032118055557,0.21186136718467985,0.766729316152086,sub-NORB00084
CZ,0.16124674479166667,0.183190025201249,0.8802157465425541,sub-NORB00084
PZ,0.16895616319444445,0.20944560354396793,0.806682787012888,sub-NORB00084
Fp1,0.1738823784722222,0.19646325028824918,0.8850631261424388,sub-NORB00085
Fp2,0.16090223524305555,0.1898878792121571,0.8473539012107424,sub-NORB00085
F3,0.18165418836805555,0.22135996696578775,0.820628006310333,sub-NORB00085
F4,0.17137315538194445,0.1776613739328344,0.9646055953993283,sub-NORB00085
C3,0.18727799047776408,0.20203993055555558,0.9269355318169031,sub-NORB00085
C4,0.17601182725694442,0.17962509369885904,0.9798844005171558,sub-NORB00085
P3,0.1985541449652778,0.2187806443548941,0.9075489541167728,sub-NORB00085
P4,0.17130533854166663,0.18941755206724,0.9043794340709046,sub-NORB00085
O1,0.21150716145833331,0.219527575359632,0.9634651187298017,sub-NORB00085
O2,0.19791666666666669,0.20070202841936466,0.9861219053208671,sub-NORB00085
F7,0.16825358072916663,0.19084089406235336,0.8816432219930452,sub-NORB00085
F8,0.16499837239583331,0.17386368675684646,0.9490099713955131,sub-NORB00085
T3,0.1854519314236111,0.23623870651586157,0.7850192466709915,sub-NORB00085
T4,0.15196397569444448,0.1843311479504984,0.8244074720093099,sub-NORB00085
T5,0.1958550347222222,0.20437871397958365,0.9582946820077706,sub-NORB00085
T6,0.1815863715277778,0.18355030922411625,0.989300275741075,sub-NORB00085
FZ,0.18480088975694445,0.213772169883184,0.8644759037527151,sub-NORB00085
CZ,0.17055935329861108,0.2110354233543333,0.8082024836761078,sub-NORB00085
PZ,0.17526584201388892,0.21326118476485162,0.8218365766238356,sub-NORB00085
Fp1,0.19251942972303449,0.2366913709365968,0.813377475322517,sub-NORB00086
Fp2,0.16732767066682908,0.1892006842102879,0.8843925240822703,sub-NORB00086
F3,0.21779702136804197,0.24348998750817646,0.8944803997771296,sub-NORB00086
F4,0.18322492157041906,0.19294909432069013,0.949602392358945,sub-NORB00086
C3,0.183929286045457,0.1934425415953263,0.9508212853728388,sub-NORB00086
C4,0.17756505763347413,0.19067140284828374,0.931262134651423,sub-NORB00086
P3,0.1801034367056657,0.19182198177252546,0.938909269112044,sub-NORB00086
P4,0.17986015122431587,0.18366911262047866,0.979261829374472,sub-NORB00086
O1,0.18533802416392114,0.20359877135450505,0.9103101307090484,sub-NORB00086
O2,0.18554826042005093,0.19098325816778147,0.9715420199661908,sub-NORB00086
F7,0.17584422844582517,0.21114915390006467,0.8327962731456218,sub-NORB00086
F8,0.18761561383203382,0.20389863823016893,0.920141573580525,sub-NORB00086
T3,0.17385232226012565,0.18455606765992097,0.9420027445560936,sub-NORB00086
T4,0.19286991984446067,0.21199334018786048,0.9097923532576384,sub-NORB00086
T5,0.1864558399663291,0.19438252357117716,0.959221212590413,sub-NORB00086
T6,0.16920768762133567,0.18844186354437403,0.8979304515394525,sub-NORB00086
FZ,0.215545724361057,0.2421873587695668,0.8899957679712821,sub-NORB00086
CZ,0.18855074024598711,0.19276515670687136,0.9781370423323292,sub-NORB00086
PZ,0.17365675594271168,0.1761001759888488,0.9861248290501887,sub-NORB00086
Fp1,0.18047916955597162,0.18091071027127384,0.9976146204132684,sub-NORB00087
Fp2,0.18182425294951537,0.18933917803608166,0.9603097194964362,sub-NORB00087
F3,0.1858656678680332,0.19727873973574422,0.9421474818675399,sub-NORB00087
F4,0.1748583277892785,0.17780193507587316,0.9834444586593586,sub-NORB00087
C3,0.1629806980397476,0.17448490013117443,0.9340676351777248,sub-NORB00087
C4,0.15332776652932756,0.18070821469124881,0.8484825484624346,sub-NORB00087
P3,0.15528757470383195,0.17662370811952477,0.8792000595907871,sub-NORB00087
P4,0.17079625091013106,0.180221299645637,0.9477029143944802,sub-NORB00087
O1,0.16952651424860735,0.18369645235359827,0.9228622114175883,sub-NORB00087
O2,0.16145585199731982,0.1751386956666205,0.9218742402001999,sub-NORB00087
F7,0.18272598788947833,0.18998613074185378,0.9617859323518712,sub-NORB00087
F8,0.18004873083668493,0.18994386099692492,0.9479049751421017,sub-NORB00087
T3,0.1559135314096341,0.16919014532905935,0.9215284442624986,sub-NORB00087
T4,0.19867560328213874,0.20156845467691792,0.985648293035654,sub-NORB00087
T5,0.16933514603182528,0.19172680484045254,0.8832105983967098,sub-NORB00087
T6,0.18968772301822576,0.19851470552861947,0.9555348683771886,sub-NORB00087
FZ,0.18974040768815154,0.2027409668980083,0.9358760125850791,sub-NORB00087
CZ,0.1772566944307625,0.18765588703106578,0.9445837124279414,sub-NORB00087
PZ,0.15821287412190102,0.18129855838129583,0.872664821686875,sub-NORB00087
Fp1,0.14916115191580379,0.19127604166666667,0.779821406884529,sub-NORB00089
Fp2,0.15331836417091135,0.191943359375,0.7987687861155595,sub-NORB00089
F3,0.17667245525807848,0.19108615451388888,0.9245696304241511,sub-NORB00089
F4,0.1451515781659312,0.1881618923611111,0.7714185712341974,sub-NORB00089
C3,0.14861274138196978,0.18157009548611114,0.8184868823475264,sub-NORB00089
C4,0.16895793470846457,0.17563476562500002,0.9619845712619833,sub-NORB00089
P3,0.14591596039072888,0.17687174479166667,0.8249817434808486,sub-NORB00089
P4,0.15420524979926248,0.1749674479166667,0.8813367951317845,sub-NORB00089
O1,0.15771420425994695,0.16214735243055553,0.9726597560542519,sub-NORB00089
O2,0.1551407750912986,0.17151692708333333,0.9045216570136065,sub-NORB00089
F7,0.14222928219536582,0.17348090277777775,0.8198555571131421,sub-NORB00089
F8,0.13645923847735314,0.18090820312500003,0.7543009997344647,sub-NORB00089
T3,0.1333640700571171,0.16959092881944446,0.7863868131714968,sub-NORB00089
T4,0.1497351261011171,0.1703125,0.8791787220616051,sub-NORB00089
T5,0.14376891377193532,0.1790147569444444,0.8031120798412875,sub-NORB00089
T6,0.15325046397944914,0.17592230902777772,0.8711258101736901,sub-NORB00089
FZ,0.17937334380510925,0.19140624999999997,0.9371342043695505,sub-NORB00089
CZ,0.1501761293400097,0.17693684895833334,0.848755531841615,sub-NORB00089
PZ,0.15161929088825096,0.178173828125,0.8509627507238641,sub-NORB00089
Fp1,0.17225351184124962,0.20872351543601947,0.8252712277359612,sub-NORB00090
Fp2,0.16658627658218356,0.19513626660565242,0.8536920352116552,sub-NORB00090
F3,0.20168633257814622,0.2427520097140312,0.8308328026438936,sub-NORB00090
F4,0.1570611299844972,0.1874031390749179,0.8380923113657615,sub-NORB00090
C3,0.15696479789398501,0.19031570206755438,0.8247601022340703,sub-NORB00090
C4,0.17201988783366412,0.20403032132187432,0.8431094296140859,sub-NORB00090
P3,0.16349171809424706,0.21733078169621975,0.752271338731815,sub-NORB00090
P4,0.16775488343462588,0.18797545989706493,0.8924297008050317,sub-NORB00090
O1,0.17120901034202812,0.18547283032326964,0.9230948276554555,sub-NORB00090
O2,0.1663915780951512,0.22632295395172178,0.7351953268100465,sub-NORB00090
F7,0.16145808382071575,0.1851090135527439,0.872232425217429,sub-NORB00090
F8,0.17515128132543994,0.18300316177466083,0.9570942907593628,sub-NORB00090
T3,0.1690181656725766,0.18300813596681076,0.9235554735294867,sub-NORB00090
T4,0.1488909377732552,0.19492984494406215,0.7638180690903517,sub-NORB00090
T5,0.16902087591439174,0.20788111870172535,0.8130650680060484,sub-NORB00090
T6,0.14702735247466317,0.18591817590728504,0.7908175290402149,sub-NORB00090
FZ,0.1994873495877674,0.24693969319659223,0.8078383309116395,sub-NORB00090
CZ,0.18387916414289698,0.2226178993974133,0.8259855323431983,sub-NORB00090
PZ,0.16620827047171718,0.17681089105257228,0.9400341205355809,sub-NORB00090
Fp1,0.1929038150449426,0.22334584018640355,0.8637000576502605,sub-NORB00094
Fp2,0.20269657735677934,0.21494734980777563,0.9430057059928769,sub-NORB00094
F3,0.19344685740199258,0.25324662436940476,0.763867466678712,sub-NORB00094
F4,0.17771075940478126,0.20795297736287088,0.8545718443582657,sub-NORB00094
C3,0.1753452022586366,0.20782795466031334,0.84370364201116,sub-NORB00094
C4,0.19059709066019603,0.20467411465665838,0.9312222553395352,sub-NORB00094
P3,0.17085896889213775,0.2135915312127735,0.799933255415137,sub-NORB00094
P4,0.1825597507343784,0.2194588203807487,0.8318633555837378,sub-NORB00094
O1,0.19673593978435672,0.20803139636804205,0.9457031160637801,sub-NORB00094
O2,0.1973978109940167,0.21798784270991267,0.9055450457239665,sub-NORB00094
F7,0.18934093417781206,0.1910454273946827,0.9910780737329593,sub-NORB00094
F8,0.17006142169901994,0.19514089122626524,0.8714801937736067,sub-NORB00094
T3,0.19512115339709227,0.19914602426043246,0.9797893486536459,sub-NORB00094
T4,0.19825344007201648,0.20396124024777093,0.9720152703091006,sub-NORB00094
T5,0.17732240818578082,0.21170919306931812,0.8375753816591311,sub-NORB00094
T6,0.17527171154158544,0.19417372349582163,0.9026541201665583,sub-NORB00094
FZ,0.17718748307883908,0.23853496165664934,0.7428155682012153,sub-NORB00094
CZ,0.16238271520332465,0.1785712850437243,0.9093439360284842,sub-NORB00094
PZ,0.1829741182383041,0.21913372257643848,0.834988408388302,sub-NORB00094
Fp1,0.17851877095756977,0.184716796875,0.9664457914911522,sub-NORB00096
Fp2,0.18217580770959613,0.19216579861111108,0.9480136893572209,sub-NORB00096
F3,0.16249408185707956,0.19031575520833333,0.8538130838363952,sub-NORB00096
F4,0.16708276351903403,0.1806369357638889,0.9249645583970071,sub-NORB00096
C3,0.18086850098193727,0.19261067708333335,0.9390367331696996,sub-NORB00096
C4,0.17276475694444446,0.17958537350876555,0.9620202000248746,sub-NORB00096
P3,0.1874036523666896,0.1920138888888889,0.9759900882749838,sub-NORB00096
P4,0.17412109375,0.184426720741167,0.9441207491530992,sub-NORB00096
O1,0.18082319204862665,0.20866427951388883,0.8665747317647194,sub-NORB00096
O2,0.18726128472222223,0.2085872875900907,0.8977598150191315,sub-NORB00096
F7,0.17969299730768765,0.2039388020833334,0.881112350725006,sub-NORB00096
F8,0.17817382812500002,0.18388346842181555,0.9689496813073047,sub-NORB00096
T3,0.18568250868055555,0.19347432318220634,0.9597268806863184,sub-NORB00096
T4,0.18119574652777778,0.19841079399564096,0.9132353279719178,sub-NORB00096
T5,0.15643988715277776,0.20673091361179113,0.7567319488876628,sub-NORB00096
T6,0.1655490451388889,0.17299182302945232,0.9569761289278034,sub-NORB00096
FZ,0.1677251822233529,0.1925672743055556,0.870995255181394,sub-NORB00096
CZ,0.17726828100138148,0.19985894097222226,0.8869669785052019,sub-NORB00096
PZ,0.19056414959298348,0.19494900173611113,0.9775076963509507,sub-NORB00096
Fp1,0.1947862568594406,0.20835281381985057,0.9348866151040316,sub-NORB00103
Fp2,0.1910526474265954,0.2092093524102502,0.9132127470666305,sub-NORB00103
F3,0.20469493473508224,0.2256972410604181,0.9069447804206271,sub-NORB00103
F4,0.19152123715696226,0.19944901527303985,0.9602516056285126,sub-NORB00103
C3,0.1942824382533613,0.20963583969568989,0.9267615620276772,sub-NORB00103
C4,0.18206489138306803,0.1824457649818844,0.9979124009874706,sub-NORB00103
P3,0.17843293268718993,0.1814518165712313,0.9833626141579229,sub-NORB00103
P4,0.19274873673647142,0.1951974889843242,0.9874550012882111,sub-NORB00103
O1,0.1791564081510228,0.2033418764044564,0.8810600714368959,sub-NORB00103
O2,0.1917361809108999,0.19739069967962108,0.9713536717895075,sub-NORB00103
F7,0.19882156805014078,0.2027167216068153,0.9807852380119413,sub-NORB00103
F8,0.1714129888523392,0.18790679223476706,0.9122234849189441,sub-NORB00103
T3,0.17767922259110353,0.188387524033921,0.9431581178332735,sub-NORB00103
T4,0.19139558284905878,0.19725626548286224,0.9702889912294692,sub-NORB00103
T5,0.18120443623260027,0.20365823865943794,0.8897476351821669,sub-NORB00103
T6,0.1807128941952187,0.21216430531865926,0.8517591775100799,sub-NORB00103
FZ,0.20113209969609597,0.2288774997544101,0.8787762008581644,sub-NORB00103
CZ,0.17847359706654753,0.18867862158135523,0.9459131912811465,sub-NORB00103
PZ,0.1866209456898419,0.18954317581786415,0.9845827732103092,sub-NORB00103
